Workbook
Name _______2005_RETAILS_FOR_MITCH_BY_STATE___VIN: #REF!
Name _______2005_RETAILS_FOR_MITCH_BY_STATE___VIN: #REF!
Name _02_CAB機能部品: #REF!
Name _02_CAB部品: #REF!
Name _02_CHASSIS部品: #REF!
Name _1_04_kawaguchi: #REF!
Name _1_2005_RETAILS_FOR_MITCH_BY_STATE___VIN: #REF!
Name _10.00_20_14PR: #REF!
Name _10_Q: #REF!
Name _12.6H: #REF!
Name _13.5H: #REF!
Name _14.5H: #REF!
Name _14_4t_Ð_L: #REF!
Name _15.5H: #REF!
Name _15¿: #REF!
Name _16¼_a: #REF!
Name _17ÔÌÞÚ°·: #REF!
Name _18Ã_¼_a: #REF!
Name _19åÌÞÚ°·: #REF!
Name _1MM: #REF!
Name _1st: #REF!
Name _20ñ___\: #REF!
Name _21ø: #REF!
Name _22À²Ô_²½Þ: #REF!
Name _23ÄÙ¸_\: #REF!
Name _25HS10_: #REF!
Name _26_1生_CROSS_クエリー1: #REF!
Name _26HS11_: #REF!
Name _28_出庫リスト_クエリー: #REF!
Name _2nd: #REF!
Name _3: #REF!
Name _30HS15_: 'Monthly 日程0806'!_30HS15_
Name _30HS15_: [0]!_30HS15_
Name _38HS9_: #REF!
Name _39ÌÞÚ_·_í_Þ: #REF!
Name _3rd: #REF!
Name _4_5t.ÃÞ¨½¸: #REF!
Name _4_5t.STD: #REF!
Name _4_5t.ﾃﾞｨｽｸ: #REF!
Name _4th: #REF!
Name _4t巾広: #REF!
Name _5G: #REF!
Name _5th: #REF!
Name _6HE1_TCN: #REF!
Name _6HE1_TCS: #REF!
Name _6HH1_N: #REF!
Name _6HH1_S: #REF!
Name _6th: #REF!
Name _7t: #REF!
Name _7th: #REF!
Name _8.5_Q: #REF!
Name _8_Q: #REF!
Name _EMD２: 'Monthly 日程0806'!_EMD２
Name _EMD２: [0]!_EMD２
Name _HAN02: #REF!
Name _HAN02: #REF!
Name _HAN03: #REF!
Name _HAN03: #REF!
Name _MC001: #REF!
Name _MC002: #REF!

Sheet 25-38W
AL1: 59 | AM1: 60 | AO1: 64 | AP1: 66 | AQ1: 67
A2: ISZ 週別確定内示リスト（25-38W） | H2: FRAME ASSY | AJ2: Ｆ生産管理課 川﨑
I3: 45915 | J3: =I3+7 -> 45922 | K3: =J3+7 -> 45929 | L3: =K3+7 -> 45936 | M3: =L3+7 -> 45943 | N3: =M3+7 -> 45950 | O3: =N3+7 -> 45957 | P3: =O3+7 -> 45964 | Q3: =P3+7 -> 45971 | ... U3: =T3+7 -> 45999 | W3: VK00B1-Gr NUT数：：\\sv1p000001\藤沢工場\工場向け\P24000(生産管理グループ)\藤沢工場共有フォルダ\企画Ｔｷｬﾋﾞﾈｯﾄ\(07)企画共通\01_小型FRAME\00_プロジェクト\VK00\20250217 輸出 NUT増産進捗確認2\コピー250217_対象品番【850幅】S_MBR構成表_20250214_.xlsx | AG3: OBL 構成 | AH3: 720製造管理システム
A4: No. | B4: ライン | C4: 納入品番1 | D4: 車型名称 | E4: 直近イベント | F4: 荷姿 | G4: 刻印 | H4: 初品区分 | I4: 38W | J4: 39W | K4: 40W | L4: 41W | M4: 42W | N4: 43W | O4: 44W | P4: 45W | Q4: 46W | R4: 47W | S4: 48W | T4: 49W | U4: 50W | V4: 総計 | W4: 納入品名称 | X4: 基本車型 | Y4: 設通NO | Z4: 設通 受領日 | AA4: 受注条件 車型名称 | AB4: イベント車型 | AC4: 送付コメント | AD4: 技計NO | AE4: 生産 ライン | AF4: 刻印 | AH4: 部品ﾋﾟｯｷﾝｸﾞ ﾊﾟﾀｰﾝ検索 | AI4: C/MBR ﾋﾟｯｷﾝｸﾞ ﾏｽﾀ検索 | AP4: 品番貼付け ↓
A5: 46 | C5: 7552338503 | D5: VK00 NPR | E5: I4K6792VK00(EXP)B2-GR 量産向け設変出図 | F5: 1 | H5: 初 | J5: 1 | V5: 1 | W5: FRAME ASM | X5: VK00 | Y5: =VLOOKUP($C5,[1]量産!$C$4:$N$15550,2,FALSE) -> I4K6792 | Z5: =VLOOKUP($C5,[1]量産!$C$4:$N$15550,3,FALSE) -> 45805 | AA5: =VLOOKUP($C5,[1]量産!$C$4:$N$15550,4,FALSE) -> VK00 B2-Gr | AB5: =VLOOKUP($C5,[1]量産!$C$4:$N$15550,5,FALSE) -> VK00 B2-Gr EXP | AC5: =VLOOKUP($C5,[1]量産!$C$4:$N$15550,6,FALSE) -> VK00 B2-Gr EXP量産向け設変出図 | AD5: =VLOOKUP($C5,[1]量産!$C$4:$N$15550,7,FALSE) -> 0 | AE5: =VLOOKUP($C5,[1]量産!$C$4:$N$15550,8,FALSE) -> 0 | AF5: =VLOOKUP($C5,[1]量産!$C$4:$N$15550,9,FALSE) -> 0 | AG5: =VLOOKUP($C5,[1]量産!$C$4:$N$15550,10,FALSE) -> 0 | AH5: =VLOOKUP($C5,[1]量産!$C$4:$N$15550,11,FALSE) -> 0 | AI5: =VLOOKUP($C5,[1]量産!$C$4:$N$15550,12,FALSE) -> 0 | AL5: =C5 -> 7552338503 | AM5: =B5 -> 0 | AN5: =E5 -> I4K6792VK00(EXP)B2-GR 量産向け設変出図 | AP5: 7551885412 | AQ5: =VLOOKUP(AP5,AL5:AM850,2,FALSE) -> A | AR5: =VLOOKUP(AP5,AL5:AN850,3,FALSE) -> 久しぶり | BK5: =VLOOKUP(C:C,[2]Sheet2!$A:$A,1,FALSE) -> #N/A
A6: 47 | C6: 7552473040 | D6: VK05 NPR | E6: I3K6135VK05 E-GR K研向け新規出図 | F6: 1 | H6: 初 | K6: 1 | V6: 1 | W6: FRAME ASM | X6: VK05 | Y6: =VLOOKUP($C6,[1]量産!$C$4:$N$15550,2,FALSE) -> #N/A | Z6: =VLOOKUP($C6,[1]量産!$C$4:$N$15550,3,FALSE) -> #N/A | AA6: =VLOOKUP($C6,[1]量産!$C$4:$N$15550,4,FALSE) -> #N/A | AB6: =VLOOKUP($C6,[1]量産!$C$4:$N$15550,5,FALSE) -> #N/A | AC6: =VLOOKUP($C6,[1]量産!$C$4:$N$15550,6,FALSE) -> #N/A | AD6: =VLOOKUP($C6,[1]量産!$C$4:$N$15550,7,FALSE) -> #N/A | AE6: =VLOOKUP($C6,[1]量産!$C$4:$N$15550,8,FALSE) -> #N/A | AF6: =VLOOKUP($C6,[1]量産!$C$4:$N$15550,9,FALSE) -> #N/A | AG6: =VLOOKUP($C6,[1]量産!$C$4:$N$15550,10,FALSE) -> #N/A | AH6: =VLOOKUP($C6,[1]量産!$C$4:$N$15550,11,FALSE) -> #N/A | AI6: =VLOOKUP($C6,[1]量産!$C$4:$N$15550,12,FALSE) -> #N/A | AL6: =C6 -> 7552473040 | AM6: =B6 -> 0 | AN6: =E6 -> I3K6135VK05 E-GR K研向け新規出図 | AP6: 7552078350 | AQ6: =VLOOKUP(AP6,AL6:AM860,2,FALSE) -> A | AR6: =VLOOKUP(AP6,AL6:AN860,3,FALSE) -> 久しぶり | BK6: =VLOOKUP(C:C,[2]Sheet2!$A:$A,1,FALSE) -> 7552473040
A7: 44 | C7: 7551909772 | D7: VK04 NMS | E7: I4K6850VK04 A1-GR 1生向け設変出図 | F7: 1 | H7: 初 | L7: 1 | M7: 2 | N7: 2 | O7: 1 | V7: 6 | W7: FRAME ASM | X7: VK04 | Y7: =VLOOKUP($C7,[1]量産!$C$4:$N$15550,2,FALSE) -> I4K5796 | Z7: =VLOOKUP($C7,[1]量産!$C$4:$N$15550,3,FALSE) -> 45770 | AA7: =VLOOKUP($C7,[1]量産!$C$4:$N$15550,4,FALSE) -> VK04 A2-Gr | AB7: =VLOOKUP($C7,[1]量産!$C$4:$N$15550,5,FALSE) -> VK04A2-Gr1SEI | AC7: =VLOOKUP($C7,[1]量産!$C$4:$N$15550,6,FALSE) -> VK04A2-Gr1SEI向け設変出図 | AD7: =VLOOKUP($C7,[1]量産!$C$4:$N$15550,7,FALSE) -> 0 | AE7: =VLOOKUP($C7,[1]量産!$C$4:$N$15550,8,FALSE) -> A | AF7: =VLOOKUP($C7,[1]量産!$C$4:$N$15550,9,FALSE) -> 0 | AG7: =VLOOKUP($C7,[1]量産!$C$4:$N$15550,10,FALSE) -> 0 | AH7: =VLOOKUP($C7,[1]量産!$C$4:$N$15550,11,FALSE) -> 0 | AI7: =VLOOKUP($C7,[1]量産!$C$4:$N$15550,12,FALSE) -> 0 | AL7: =C7 -> 7551909772 | AM7: =B7 -> 0 | AN7: =E7 -> I4K6850VK04 A1-GR 1生向け設変出図 | AP7: 7552701721 | AQ7: =VLOOKUP(AP7,AL7:AM861,2,FALSE) -> A | AR7: =VLOOKUP(AP7,AL7:AN861,3,FALSE) -> I4K6545VK05 A,B,C-GR 1生向け設変出図 | BK7: =VLOOKUP(C:C,[2]Sheet2!$A:$A,1,FALSE) -> #N/A
A8: 45 | C8: 7552166153 | D8: VK00 NPR | E8: I4K5771VK00 B1-GR 850幅 3X SOP 3RD C/M 共締め指示 誤記修正 設変出図(内容：図面・3Dモデルの共締め指示の修正、過去設変の水平展開であるRIVET;ENGINE C/M OUTER BRKTの長さ変更の反映) | F8: 1 | H8: 初 | O8: 1 | P8: 2 | Q8: 2 | R8: 2 | S8: 1 | T8: 2 | U8: 1 | V8: 11 | W8: FRAME ASM | X8: VK00 | Y8: =VLOOKUP($C8,[1]量産!$C$4:$N$15550,2,FALSE) -> I4K5443 | Z8: =VLOOKUP($C8,[1]量産!$C$4:$N$15550,3,FALSE) -> 45551 | AA8: =VLOOKUP($C8,[1]量産!$C$4:$N$15550,4,FALSE) -> VK00 NPR | AB8: =VLOOKUP($C8,[1]量産!$C$4:$N$15550,5,FALSE) -> VK00 B1-GR 850幅 | AC8: =VLOOKUP($C8,[1]量産!$C$4:$N$15550,6,FALSE) -> 【AAS-LD-14622】VK00 B1-GR 850幅 FRAME SOP反映AAS(内容：EPW:24/10/14以降において最新サフィックスへ①～③を反映。①溶接NUT追加、S/M追加穴反映不要②溶接NUT追加及びSTIFF追加、S/M追加穴反映不要、③RIVET削除を反映。 ※追加穴反映については金型での反映可能なタイミングで問題無。) | AD8: =VLOOKUP($C8,[1]量産!$C$4:$N$15550,7,FALSE) -> 0 | AE8: =VLOOKUP($C8,[1]量産!$C$4:$N$15550,8,FALSE) -> 0 | AF8: =VLOOKUP($C8,[1]量産!$C$4:$N$15550,9,FALSE) -> 0 | AG8: =VLOOKUP($C8,[1]量産!$C$4:$N$15550,10,FALSE) -> 未 | AH8: =VLOOKUP($C8,[1]量産!$C$4:$N$15550,11,FALSE) -> 未 | AI8: =VLOOKUP($C8,[1]量産!$C$4:$N$15550,12,FALSE) -> 未 | AL8: =C8 -> 7552166153 | AM8: =B8 -> 0 | AN8: =E8 -> I4K5771VK00 B1-GR 850幅 3X SOP 3RD C/M 共締め指示 誤記修正 設変出図(内容：図面・3Dモデルの共締め指示の修正、過去設変の水平展開であるRIVET;ENGINE C/M OUTER BRKTの長さ変更の反映) | AP8: 7552701731 | AQ8: =VLOOKUP(AP8,AL8:AM862,2,FALSE) -> A | AR8: =VLOOKUP(AP8,AL8:AN862,3,FALSE) -> I4K6545VK05 A,B,C-GR 1生向け設変出図 | BK8: =VLOOKUP(C:C,[2]Sheet2!$A:$A,1,FALSE) -> #N/A
A9: 41 | C9: 8978795013 | D9: VK04 NPS | E9: I4K6626VK04 A1/A2-GR 1生向け設変出図 | F9: 1 | H9: 初 | J9: 1 | O9: 1 | P9: 1 | Q9: 1 | R9: 1 | V9: 5 | W9: FRAME ASM | X9: VK04 | Y9: =VLOOKUP($C9,[1]量産!$C$4:$N$15550,2,FALSE) -> I4K6268 | Z9: =VLOOKUP($C9,[1]量産!$C$4:$N$15550,3,FALSE) -> 45677 | AA9: =VLOOKUP($C9,[1]量産!$C$4:$N$15550,4,FALSE) -> VK04 NPS | AB9: =VLOOKUP($C9,[1]量産!$C$4:$N$15550,5,FALSE) -> VK04 A1-Gr | AC9: =VLOOKUP($C9,[1]量産!$C$4:$N$15550,6,FALSE) -> VK04 A1-Gr 4X4 量産向け設変出図 | AD9: =VLOOKUP($C9,[1]量産!$C$4:$N$15550,7,FALSE) -> 0 | AE9: =VLOOKUP($C9,[1]量産!$C$4:$N$15550,8,FALSE) -> A | AF9: =VLOOKUP($C9,[1]量産!$C$4:$N$15550,9,FALSE) -> 0 | AG9: =VLOOKUP($C9,[1]量産!$C$4:$N$15550,10,FALSE) -> 未 | AH9: =VLOOKUP($C9,[1]量産!$C$4:$N$15550,11,FALSE) -> 未 | AI9: =VLOOKUP($C9,[1]量産!$C$4:$N$15550,12,FALSE) -> 未 | AL9: =C9 -> 8978795013 | AM9: =B9 | AN9: =E9 -> I4K6626VK04 A1/A2-GR 1生向け設変出図 | AP9: 8978845054 | AQ9: =VLOOKUP(AP9,AL9:AM863,2,FALSE) -> A | AR9: =VLOOKUP(AP9,AL9:AN863,3,FALSE) -> VK04 A2-GR 1生向け設変出図 | BK9: =VLOOKUP(C:C,[2]Sheet2!$A:$A,1,FALSE) -> #N/A
A10: 20 | C10: 7552222911 | D10: VK00 NKR | E10: VK00 B2-GR 一生向け 700幅 設変出図(内容:構成部品の最新化、溶接NUT変更) | F10: 1 | H10: 初 | J10: 1 | O10: 1 | P10: 1 | Q10: 1 | R10: 1 | V10: 5 | W10: FRAME ASM | X10: VK00 | Y10: =VLOOKUP($C10,[1]量産!$C$4:$N$15550,2,FALSE) -> I4K5030 | Z10: =VLOOKUP($C10,[1]量産!$C$4:$N$15550,3,FALSE) -> 45450 | AA10: =VLOOKUP($C10,[1]量産!$C$4:$N$15550,4,FALSE) -> VK00 NKR | AB10: =VLOOKUP($C10,[1]量産!$C$4:$N$15550,5,FALSE) -> VK00 B2-Gr 700幅 | AC10: =VLOOKUP($C10,[1]量産!$C$4:$N$15550,6,FALSE) -> VK00 B2-GR 一生向け 700幅 設変出図(内容:構成部品の最新化、溶接NUT変更) | AD10: =VLOOKUP($C10,[1]量産!$C$4:$N$15550,7,FALSE) -> 0 | AE10: =VLOOKUP($C10,[1]量産!$C$4:$N$15550,8,FALSE) -> A | AF10: =VLOOKUP($C10,[1]量産!$C$4:$N$15550,9,FALSE) -> 0 | AG10: =VLOOKUP($C10,[1]量産!$C$4:$N$15550,10,FALSE) -> 未 | AH10: =VLOOKUP($C10,[1]量産!$C$4:$N$15550,11,FALSE) -> 未 | AI10: =VLOOKUP($C10,[1]量産!$C$4:$N$15550,12,FALSE) -> 未 | AL10: =C10 -> 7552222911 | AM10: =B10 | AN10: =E10 -> VK00 B2-GR 一生向け 700幅 設変出図(内容:構成部品の最新化、溶接NUT変更) | AP10: 8983922641 | AQ10: =VLOOKUP(AP10,AL10:AM864,2,FALSE) -> A | AR10: =VLOOKUP(AP10,AL10:AN864,3,FALSE) -> 久しぶり | BK10: =VLOOKUP(C:C,[2]Sheet2!$A:$A,1,FALSE) -> #N/A
A11: 5 | C11: 7552127013 | D11: VK00 NPR | E11: I4K6681VK00 B-GR アース位置の不具合設変 | F11: 1 | H11: 初 | K11: 3 | L11: 11 | M11: 9 | N11: 9 | O11: 7 | P11: 10 | Q11: 11 | R11: 11 | S11: 11 | T11: 10 | U11: 5 | V11: 97 | W11: FRAME ASM | X11: VK00 | Y11: =VLOOKUP($C11,[1]量産!$C$4:$N$15550,2,FALSE) -> I4K6681 | Z11: =VLOOKUP($C11,[1]量産!$C$4:$N$15550,3,FALSE) -> 45797 | AA11: =VLOOKUP($C11,[1]量産!$C$4:$N$15550,4,FALSE) -> VK00 B-Gr | AB11: =VLOOKUP($C11,[1]量産!$C$4:$N$15550,5,FALSE) -> VK00 B-Gr | AC11: =VLOOKUP($C11,[1]量産!$C$4:$N$15550,6,FALSE) -> VK00 B-Gr アース一の不具合設変 | AD11: =VLOOKUP($C11,[1]量産!$C$4:$N$15550,7,FALSE) -> 0 | AE11: =VLOOKUP($C11,[1]量産!$C$4:$N$15550,8,FALSE) -> 0 | AF11: =VLOOKUP($C11,[1]量産!$C$4:$N$15550,9,FALSE) -> 0 | AG11: =VLOOKUP($C11,[1]量産!$C$4:$N$15550,10,FALSE) -> 0 | AH11: =VLOOKUP($C11,[1]量産!$C$4:$N$15550,11,FALSE) -> 0 | AI11: =VLOOKUP($C11,[1]量産!$C$4:$N$15550,12,FALSE) -> 0 | AL11: =C11 -> 7552127013 | AM11: =B11 | AN11: =E11 -> I4K6681VK00 B-GR アース位置の不具合設変 | AP11: 7552418211 | AQ11: =VLOOKUP(AP11,AL11:AM865,2,FALSE) -> C | AR11: =VLOOKUP(AP11,AL11:AN865,3,FALSE) -> VK00 3X 850幅 B1-GR FRAME ASM 設変出図(内容：FRAME ASM内容品最新化,S/M ASM LH 溶接NUT及びSTIFF SUB SPG BRKT追加,RIVET削除,REINF LH 溶接NUT追加) | BK11: =VLOOKUP(C:C,[2]Sheet2!$A:$A,1,FALSE) -> #N/A
A12: 6 | C12: 7552127023 | D12: VK00 NPR | E12: I4K6681VK00 B-GR アース位置の不具合設変 | F12: 1 | H12: 初 | K12: 1 | L12: 3 | M12: 3 | N12: 2 | O12: 1 | P12: 1 | Q12: 3 | R12: 4 | S12: 2 | V12: 20 | W12: FRAME ASM | X12: VK00 | Y12: =VLOOKUP($C12,[1]量産!$C$4:$N$15550,2,FALSE) -> I4K6681 | Z12: =VLOOKUP($C12,[1]量産!$C$4:$N$15550,3,FALSE) -> 45797 | AA12: =VLOOKUP($C12,[1]量産!$C$4:$N$15550,4,FALSE) -> VK00 B-Gr | AB12: =VLOOKUP($C12,[1]量産!$C$4:$N$15550,5,FALSE) -> VK00 B-Gr | AC12: =VLOOKUP($C12,[1]量産!$C$4:$N$15550,6,FALSE) -> VK00 B-Gr アース一の不具合設変 | AD12: =VLOOKUP($C12,[1]量産!$C$4:$N$15550,7,FALSE) -> 0 | AE12: =VLOOKUP($C12,[1]量産!$C$4:$N$15550,8,FALSE) -> A | AF12: =VLOOKUP($C12,[1]量産!$C$4:$N$15550,9,FALSE) -> 0 | AG12: =VLOOKUP($C12,[1]量産!$C$4:$N$15550,10,FALSE) -> 0 | AH12: =VLOOKUP($C12,[1]量産!$C$4:$N$15550,11,FALSE) -> 0 | AI12: =VLOOKUP($C12,[1]量産!$C$4:$N$15550,12,FALSE) -> 0 | AL12: =C12 -> 7552127023 | AM12: =B12 | AN12: =E12 -> I4K6681VK00 B-GR アース位置の不具合設変 | AP12: 7552770110 | AQ12: =VLOOKUP(AP12,AL12:AM869,2,FALSE) -> C | AR12: =VLOOKUP(AP12,AL12:AN869,3,FALSE) -> VK05 A/B-GR K研向け新規出図 | BK12: =VLOOKUP(C:C,[2]Sheet2!$A:$A,1,FALSE) -> #N/A
A13: 8 | C13: 7552127054 | D13: VK00 NPR | E13: I4K6681VK00 B-GR アース位置の不具合設変 | F13: 1 | H13: 初 | K13: 5 | L13: 25 | M13: 18 | N13: 19 | O13: 15 | P13: 22 | Q13: 20 | R13: 19 | S13: 17 | T13: 27 | U13: 22 | V13: 209 | W13: FRAME ASM | X13: VK00 | Y13: =VLOOKUP($C13,[1]量産!$C$4:$N$15550,2,FALSE) -> I4K6681 | Z13: =VLOOKUP($C13,[1]量産!$C$4:$N$15550,3,FALSE) -> 45797 | AA13: =VLOOKUP($C13,[1]量産!$C$4:$N$15550,4,FALSE) -> VK00 B-Gr | AB13: =VLOOKUP($C13,[1]量産!$C$4:$N$15550,5,FALSE) -> VK00 B-Gr | AC13: =VLOOKUP($C13,[1]量産!$C$4:$N$15550,6,FALSE) -> VK00 B-Gr アース一の不具合設変 | AD13: =VLOOKUP($C13,[1]量産!$C$4:$N$15550,7,FALSE) -> 0 | AE13: =VLOOKUP($C13,[1]量産!$C$4:$N$15550,8,FALSE) -> 0 | AF13: =VLOOKUP($C13,[1]量産!$C$4:$N$15550,9,FALSE) -> 0 | AG13: =VLOOKUP($C13,[1]量産!$C$4:$N$15550,10,FALSE) -> 0 | AH13: =VLOOKUP($C13,[1]量産!$C$4:$N$15550,11,FALSE) -> 0 | AI13: =VLOOKUP($C13,[1]量産!$C$4:$N$15550,12,FALSE) -> 0 | AL13: =C13 -> 7552127054 | AM13: =B13 | AN13: =E13 -> I4K6681VK00 B-GR アース位置の不具合設変 | AP13: 7552942680 | AQ13: =VLOOKUP(AP13,AL13:AM870,2,FALSE) -> C | AR13: =VLOOKUP(AP13,AL13:AN870,3,FALSE) -> VK05 A/B-GR K研向け新規出図 | BK13: =VLOOKUP(C:C,[2]Sheet2!$A:$A,1,FALSE) -> #N/A
A14: 9 | C14: 7552127064 | D14: VK00 NPR | E14: I4K6681VK00 B-GR アース位置の不具合設変 | F14: 1 | H14: 初 | K14: 1 | L14: 5 | M14: 4 | N14: 3 | O14: 5 | P14: 10 | Q14: 7 | R14: 5 | S14: 4 | V14: 44 | W14: FRAME ASM | X14: VK00 | Y14: =VLOOKUP($C14,[1]量産!$C$4:$N$15550,2,FALSE) -> I4K6681 | Z14: =VLOOKUP($C14,[1]量産!$C$4:$N$15550,3,FALSE) -> 45797 | AA14: =VLOOKUP($C14,[1]量産!$C$4:$N$15550,4,FALSE) -> VK00 B-Gr | AB14: =VLOOKUP($C14,[1]量産!$C$4:$N$15550,5,FALSE) -> VK00 B-Gr | AC14: =VLOOKUP($C14,[1]量産!$C$4:$N$15550,6,FALSE) -> VK00 B-Gr アース一の不具合設変 | AD14: =VLOOKUP($C14,[1]量産!$C$4:$N$15550,7,FALSE) -> 0 | AE14: =VLOOKUP($C14,[1]量産!$C$4:$N$15550,8,FALSE) -> A | AF14: =VLOOKUP($C14,[1]量産!$C$4:$N$15550,9,FALSE) -> 0 | AG14: =VLOOKUP($C14,[1]量産!$C$4:$N$15550,10,FALSE) -> 0 | AH14: =VLOOKUP($C14,[1]量産!$C$4:$N$15550,11,FALSE) -> 0 | AI14: =VLOOKUP($C14,[1]量産!$C$4:$N$15550,12,FALSE) -> 0 | AL14: =C14 -> 7552127064 | AM14: =B14 | AN14: =E14 -> I4K6681VK00 B-GR アース位置の不具合設変 | AP14: 7552942690 | AQ14: =VLOOKUP(AP14,AL14:AM871,2,FALSE) -> C | AR14: =VLOOKUP(AP14,AL14:AN871,3,FALSE) -> VK05 A/B-GR K研向け新規出図 | BK14: =VLOOKUP(C:C,[2]Sheet2!$A:$A,1,FALSE) -> #N/A
A15: 10 | C15: 7552127094 | D15: VK00 NPR | E15: I4K6681VK00 B-GR アース位置の不具合設変 | F15: 1 | H15: 初 | K15: 3 | L15: 13 | M15: 12 | N15: 11 | O15: 10 | P15: 20 | Q15: 17 | R15: 16 | S15: 16 | T15: 24 | U15: 17 | V15: 159 | W15: FRAME ASM | X15: VK00 | Y15: =VLOOKUP($C15,[1]量産!$C$4:$N$15550,2,FALSE) -> I4K6681 | Z15: =VLOOKUP($C15,[1]量産!$C$4:$N$15550,3,FALSE) -> 45797 | AA15: =VLOOKUP($C15,[1]量産!$C$4:$N$15550,4,FALSE) -> VK00 B-Gr | AB15: =VLOOKUP($C15,[1]量産!$C$4:$N$15550,5,FALSE) -> VK00 B-Gr | AC15: =VLOOKUP($C15,[1]量産!$C$4:$N$15550,6,FALSE) -> VK00 B-Gr アース一の不具合設変 | AD15: =VLOOKUP($C15,[1]量産!$C$4:$N$15550,7,FALSE) -> 0 | AE15: =VLOOKUP($C15,[1]量産!$C$4:$N$15550,8,FALSE) -> 0 | AF15: =VLOOKUP($C15,[1]量産!$C$4:$N$15550,9,FALSE) -> 0 | AG15: =VLOOKUP($C15,[1]量産!$C$4:$N$15550,10,FALSE) -> 0 | AH15: =VLOOKUP($C15,[1]量産!$C$4:$N$15550,11,FALSE) -> 0 | AI15: =VLOOKUP($C15,[1]量産!$C$4:$N$15550,12,FALSE) -> 0 | AL15: =C15 -> 7552127094 | AM15: =B15 | AN15: =E15 -> I4K6681VK00 B-GR アース位置の不具合設変 | AP15: 7552942750 | AQ15: =VLOOKUP(AP15,AL15:AM872,2,FALSE) -> C | AR15: =VLOOKUP(AP15,AL15:AN872,3,FALSE) -> VK05 A/B-GR K研向け新規出図 | BK15: =VLOOKUP(C:C,[2]Sheet2!$A:$A,1,FALSE) -> #N/A
A16: 11 | C16: 7552127155 | D16: VK00 NPR | E16: I4K6681VK00 B-GR アース位置の不具合設変 | F16: 1 | H16: 初 | K16: 2 | L16: 11 | M16: 8 | N16: 9 | O16: 9 | P16: 10 | Q16: 9 | R16: 9 | S16: 7 | T16: 4 | U16: 2 | V16: 80 | W16: FRAME ASM | X16: VK00 | Y16: =VLOOKUP($C16,[1]量産!$C$4:$N$15550,2,FALSE) -> I4K6681 | Z16: =VLOOKUP($C16,[1]量産!$C$4:$N$15550,3,FALSE) -> 45797 | AA16: =VLOOKUP($C16,[1]量産!$C$4:$N$15550,4,FALSE) -> VK00 B-Gr | AB16: =VLOOKUP($C16,[1]量産!$C$4:$N$15550,5,FALSE) -> VK00 B-Gr | AC16: =VLOOKUP($C16,[1]量産!$C$4:$N$15550,6,FALSE) -> VK00 B-Gr アース一の不具合設変 | AD16: =VLOOKUP($C16,[1]量産!$C$4:$N$15550,7,FALSE) -> 0 | AE16: =VLOOKUP($C16,[1]量産!$C$4:$N$15550,8,FALSE) -> A | AF16: =VLOOKUP($C16,[1]量産!$C$4:$N$15550,9,FALSE) -> 0 | AG16: =VLOOKUP($C16,[1]量産!$C$4:$N$15550,10,FALSE) -> 0 | AH16: =VLOOKUP($C16,[1]量産!$C$4:$N$15550,11,FALSE) -> 0 | AI16: =VLOOKUP($C16,[1]量産!$C$4:$N$15550,12,FALSE) -> 0 | AL16: =C16 -> 7552127155 | AM16: =B16 | AN16: =E16 -> I4K6681VK00 B-GR アース位置の不具合設変 | AP16: 7552942950 | AQ16: =VLOOKUP(AP16,AL16:AM873,2,FALSE) -> C | AR16: =VLOOKUP(AP16,AL16:AN873,3,FALSE) -> VK05 A/B-GR K研向け新規出図 | BK16: =VLOOKUP(C:C,[2]Sheet2!$A:$A,1,FALSE) -> #N/A
A17: 12 | C17: 7552127213 | D17: VK00 NPR | E17: I4K6681VK00 B-GR アース位置の不具合設変 | F17: 1 | H17: 初 | K17: 1 | L17: 2 | M17: 2 | N17: 1 | P17: 1 | Q17: 1 | R17: 1 | S17: 1 | T17: 1 | V17: 11 | W17: FRAME ASM | X17: VK00 | Y17: =VLOOKUP($C17,[1]量産!$C$4:$N$15550,2,FALSE) -> I4K6681 | Z17: =VLOOKUP($C17,[1]量産!$C$4:$N$15550,3,FALSE) -> 45797 | AA17: =VLOOKUP($C17,[1]量産!$C$4:$N$15550,4,FALSE) -> VK00 B-Gr | AB17: =VLOOKUP($C17,[1]量産!$C$4:$N$15550,5,FALSE) -> VK00 B-Gr | AC17: =VLOOKUP($C17,[1]量産!$C$4:$N$15550,6,FALSE) -> VK00 B-Gr アース一の不具合設変 | AD17: =VLOOKUP($C17,[1]量産!$C$4:$N$15550,7,FALSE) -> 0 | AE17: =VLOOKUP($C17,[1]量産!$C$4:$N$15550,8,FALSE) -> A | AF17: =VLOOKUP($C17,[1]量産!$C$4:$N$15550,9,FALSE) -> 0 | AG17: =VLOOKUP($C17,[1]量産!$C$4:$N$15550,10,FALSE) -> 0 | AH17: =VLOOKUP($C17,[1]量産!$C$4:$N$15550,11,FALSE) -> 0 | AI17: =VLOOKUP($C17,[1]量産!$C$4:$N$15550,12,FALSE) -> 0 | AL17: =C17 -> 7552127213 | AM17: =B17 | AN17: =E17 -> I4K6681VK00 B-GR アース位置の不具合設変 | AP17: 8975246721 | AQ17: =VLOOKUP(AP17,AL17:AM874,2,FALSE) -> C | AR17: =VLOOKUP(AP17,AL17:AN874,3,FALSE) -> 久しぶり | BK17: =VLOOKUP(C:C,[2]Sheet2!$A:$A,1,FALSE) -> #N/A
A18: 37 | C18: 8977943463 | D18: VK04 NMS | E18: I4K6850VK04 A1-GR 1生向け設変出図 | F18: 1 | H18: 初 | L18: 1 | M18: 2 | N18: 2 | O18: 2 | P18: 1 | Q18: 1 | R18: 1 | T18: 1 | V18: 11 | W18: FRAME ASM | X18: VK04 | Y18: =VLOOKUP($C18,[1]量産!$C$4:$N$15550,2,FALSE) -> I4K5796 | Z18: =VLOOKUP($C18,[1]量産!$C$4:$N$15550,3,FALSE) -> 45770 | AA18: =VLOOKUP($C18,[1]量産!$C$4:$N$15550,4,FALSE) -> VK04 A2-Gr | AB18: =VLOOKUP($C18,[1]量産!$C$4:$N$15550,5,FALSE) -> VK04A2-Gr1SEI | AC18: =VLOOKUP($C18,[1]量産!$C$4:$N$15550,6,FALSE) -> VK04A2-Gr1SEI向け設変出図 | AD18: =VLOOKUP($C18,[1]量産!$C$4:$N$15550,7,FALSE) -> 0 | AE18: =VLOOKUP($C18,[1]量産!$C$4:$N$15550,8,FALSE) -> 0 | AF18: =VLOOKUP($C18,[1]量産!$C$4:$N$15550,9,FALSE) -> 0 | AG18: =VLOOKUP($C18,[1]量産!$C$4:$N$15550,10,FALSE) -> 0 | AH18: =VLOOKUP($C18,[1]量産!$C$4:$N$15550,11,FALSE) -> 0 | AI18: =VLOOKUP($C18,[1]量産!$C$4:$N$15550,12,FALSE) -> 0 | AL18: =C18 -> 8977943463 | AM18: =B18 | AN18: =E18 -> I4K6850VK04 A1-GR 1生向け設変出図 | AP18: 8977917770 | AQ18: =VLOOKUP(AP18,AL18:AM875,2,FALSE) -> C | AR18: =VLOOKUP(AP18,AL18:AN875,3,FALSE) -> VL32 D2-GR 850幅 FRAME ASM SOP 新規出図 | BK18: =VLOOKUP(C:C,[2]Sheet2!$A:$A,1,FALSE) -> #N/A
A19: 38 | C19: 8977944054 | D19: VK04 NMS | E19: VK04 A1-GR 1生向け設変出図 | F19: 1 | H19: 初 | L19: 1 | M19: 2 | N19: 2 | O19: 1 | V19: 6 | W19: FRAME ASM | X19: VK04 | Y19: =VLOOKUP($C19,[1]量産!$C$4:$N$15550,2,FALSE) -> I4K5796 | Z19: =VLOOKUP($C19,[1]量産!$C$4:$N$15550,3,FALSE) -> 45770 | AA19: =VLOOKUP($C19,[1]量産!$C$4:$N$15550,4,FALSE) -> VK04 A2-Gr | AB19: =VLOOKUP($C19,[1]量産!$C$4:$N$15550,5,FALSE) -> VK04A2-Gr1SEI | AC19: =VLOOKUP($C19,[1]量産!$C$4:$N$15550,6,FALSE) -> VK04A2-Gr1SEI向け設変出図 | AD19: =VLOOKUP($C19,[1]量産!$C$4:$N$15550,7,FALSE) -> 0 | AE19: =VLOOKUP($C19,[1]量産!$C$4:$N$15550,8,FALSE) -> 0 | AF19: =VLOOKUP($C19,[1]量産!$C$4:$N$15550,9,FALSE) -> 0 | AG19: =VLOOKUP($C19,[1]量産!$C$4:$N$15550,10,FALSE) -> 0 | AH19: =VLOOKUP($C19,[1]量産!$C$4:$N$15550,11,FALSE) -> 0 | AI19: =VLOOKUP($C19,[1]量産!$C$4:$N$15550,12,FALSE) -> 0 | AL19: =C19 -> 8977944054 | AM19: =B19 | AN19: =E19 -> VK04 A1-GR 1生向け設変出図 | AP19: 8983991350 | AQ19: =VLOOKUP(AP19,AL19:AM876,2,FALSE) -> C | AR19: =VLOOKUP(AP19,AL19:AN876,3,FALSE) -> 久しぶり | BK19: =VLOOKUP(C:C,[2]Sheet2!$A:$A,1,FALSE) -> #N/A
A20: 16 | C20: 7552208252 | D20: VK04 NKR | E20: I4K5796VK04 A2-GR 1生向け設変出図 | F20: 1 | H20: 初 | M20: 1 | N20: 5 | O20: 3 | P20: 5 | Q20: 5 | R20: 5 | S20: 5 | T20: 9 | U20: 7 | V20: 45 | W20: FRAME ASM | X20: VK04 | Y20: =VLOOKUP($C20,[1]量産!$C$4:$N$15550,2,FALSE) -> I4K5796 | Z20: =VLOOKUP($C20,[1]量産!$C$4:$N$15550,3,FALSE) -> 45770 | AA20: =VLOOKUP($C20,[1]量産!$C$4:$N$15550,4,FALSE) -> VK04 A2-Gr | AB20: =VLOOKUP($C20,[1]量産!$C$4:$N$15550,5,FALSE) -> VK04A2-Gr1SEI | AC20: =VLOOKUP($C20,[1]量産!$C$4:$N$15550,6,FALSE) -> VK04A2-Gr1SEI向け設変出図 | AD20: =VLOOKUP($C20,[1]量産!$C$4:$N$15550,7,FALSE) -> 0 | AE20: =VLOOKUP($C20,[1]量産!$C$4:$N$15550,8,FALSE) -> D | AF20: =VLOOKUP($C20,[1]量産!$C$4:$N$15550,9,FALSE) -> 0 | AG20: =VLOOKUP($C20,[1]量産!$C$4:$N$15550,10,FALSE) -> 0 | AH20: =VLOOKUP($C20,[1]量産!$C$4:$N$15550,11,FALSE) -> 0 | AI20: =VLOOKUP($C20,[1]量産!$C$4:$N$15550,12,FALSE) -> 0 | AL20: =C20 -> 7552208252 | AM20: =B20 | AN20: =E20 -> I4K5796VK04 A2-GR 1生向け設変出図 | AP20: 7552418121 | AQ20: =VLOOKUP(AP20,AL20:AM877,2,FALSE) -> C | AR20: =VLOOKUP(AP20,AL20:AN877,3,FALSE) -> VK00 3X 850幅 B1-GR FRAME ASM 設変出図(内容：FRAME ASM内容品最新化,S/M ASM LH 溶接NUT及びSTIFF SUB SPG BRKT追加,RIVET削除,REINF LH 溶接NUT追加) | BK20: =VLOOKUP(C:C,[2]Sheet2!$A:$A,1,FALSE) -> #N/A
A21: 22 | C21: 7552224911 | D21: VK04 NMR | E21: VK04 A2-GR 1生向け設変出図 | F21: 1 | H21: 初 | M21: 1 | N21: 5 | O21: 4 | P21: 3 | Q21: 2 | R21: 2 | S21: 3 | T21: 9 | U21: 5 | V21: 34 | W21: FRAME ASM | X21: VK04 | Y21: =VLOOKUP($C21,[1]量産!$C$4:$N$15550,2,FALSE) -> I4K5796 | Z21: =VLOOKUP($C21,[1]量産!$C$4:$N$15550,3,FALSE) -> 45770 | AA21: =VLOOKUP($C21,[1]量産!$C$4:$N$15550,4,FALSE) -> VK04 A2-Gr | AB21: =VLOOKUP($C21,[1]量産!$C$4:$N$15550,5,FALSE) -> VK04A2-Gr1SEI | AC21: =VLOOKUP($C21,[1]量産!$C$4:$N$15550,6,FALSE) -> VK04A2-Gr1SEI向け設変出図 | AD21: =VLOOKUP($C21,[1]量産!$C$4:$N$15550,7,FALSE) -> 0 | AE21: =VLOOKUP($C21,[1]量産!$C$4:$N$15550,8,FALSE) -> A | AF21: =VLOOKUP($C21,[1]量産!$C$4:$N$15550,9,FALSE) -> 0 | AG21: =VLOOKUP($C21,[1]量産!$C$4:$N$15550,10,FALSE) -> 0 | AH21: =VLOOKUP($C21,[1]量産!$C$4:$N$15550,11,FALSE) -> 0 | AI21: =VLOOKUP($C21,[1]量産!$C$4:$N$15550,12,FALSE) -> 0 | AL21: =C21 -> 7552224911 | AM21: =B21 | AN21: =E21 -> VK04 A2-GR 1生向け設変出図 | AP21: 8976682130 | AQ21: =VLOOKUP(AP21,AL6:AM845,2,FALSE) -> A | AR21: =VLOOKUP(AP21,AL6:AN845,3,FALSE) -> 久しぶり | BK21: =VLOOKUP(C:C,[2]Sheet2!$A:$A,1,FALSE) -> #N/A
A22: 26 | C22: 7552264421 | D22: VK04 NPR | E22: VK04 A2-GR SOP向け設変出図 | F22: 1 | H22: 初 | M22: 2 | N22: 5 | O22: 4 | P22: 2 | Q22: 2 | R22: 2 | S22: 4 | T22: 11 | U22: 8 | V22: 40 | W22: FRAME ASM | X22: VK04 | Y22: =VLOOKUP($C22,[1]量産!$C$4:$N$15550,2,FALSE) -> I4K5703 | Z22: =VLOOKUP($C22,[1]量産!$C$4:$N$15550,3,FALSE) -> 45869 | AA22: =VLOOKUP($C22,[1]量産!$C$4:$N$15550,4,FALSE) -> VK04 NPR | AB22: =VLOOKUP($C22,[1]量産!$C$4:$N$15550,5,FALSE) -> VK04 A2-Gr SOP | AC22: =VLOOKUP($C22,[1]量産!$C$4:$N$15550,6,FALSE) -> VK04 A2-Gr SOP向け設変出図 | AD22: =VLOOKUP($C22,[1]量産!$C$4:$N$15550,7,FALSE) -> 0 | AE22: =VLOOKUP($C22,[1]量産!$C$4:$N$15550,8,FALSE) -> 0 | AF22: =VLOOKUP($C22,[1]量産!$C$4:$N$15550,9,FALSE) -> 0 | AG22: =VLOOKUP($C22,[1]量産!$C$4:$N$15550,10,FALSE) -> 0 | AH22: =VLOOKUP($C22,[1]量産!$C$4:$N$15550,11,FALSE) -> 0 | AI22: =VLOOKUP($C22,[1]量産!$C$4:$N$15550,12,FALSE) -> 0 | AL22: =C22 -> 7552264421 | AM22: =B22 | AN22: =E22 -> VK04 A2-GR SOP向け設変出図 | AP22: 8978767114 | AQ22: =VLOOKUP(AP22,AL22:AM857,2,FALSE) -> #N/A | AR22: =VLOOKUP(AP22,AL22:AN857,3,FALSE) -> #N/A | BK22: =VLOOKUP(C:C,[2]Sheet2!$A:$A,1,FALSE) -> #N/A
A23: 27 | C23: 7552264441 | D23: VK04 NPR | E23: VK04 A2-GR SOP向け設変出図 | F23: 1 | H23: 初 | M23: 1 | N23: 3 | O23: 3 | P23: 1 | Q23: 1 | R23: 1 | S23: 2 | T23: 9 | U23: 6 | V23: 27 | W23: FRAME ASM | X23: VK04 | Y23: =VLOOKUP($C23,[1]量産!$C$4:$N$15550,2,FALSE) -> I4K5703 | Z23: =VLOOKUP($C23,[1]量産!$C$4:$N$15550,3,FALSE) -> 45869 | AA23: =VLOOKUP($C23,[1]量産!$C$4:$N$15550,4,FALSE) -> VK04 NPR | AB23: =VLOOKUP($C23,[1]量産!$C$4:$N$15550,5,FALSE) -> VK04 A2-Gr SOP | AC23: =VLOOKUP($C23,[1]量産!$C$4:$N$15550,6,FALSE) -> VK04 A2-Gr SOP向け設変出図 | AD23: =VLOOKUP($C23,[1]量産!$C$4:$N$15550,7,FALSE) -> 0 | AE23: =VLOOKUP($C23,[1]量産!$C$4:$N$15550,8,FALSE) -> 0 | AF23: =VLOOKUP($C23,[1]量産!$C$4:$N$15550,9,FALSE) -> 0 | AG23: =VLOOKUP($C23,[1]量産!$C$4:$N$15550,10,FALSE) -> 0 | AH23: =VLOOKUP($C23,[1]量産!$C$4:$N$15550,11,FALSE) -> 0 | AI23: =VLOOKUP($C23,[1]量産!$C$4:$N$15550,12,FALSE) -> 0 | AL23: =C23 -> 7552264441 | AM23: =B23 | AN23: =E23 -> VK04 A2-GR SOP向け設変出図 | AP23: 8972416603 | AQ23: =VLOOKUP(AP23,AL23:AM858,2,FALSE) -> #N/A | AR23: =VLOOKUP(AP23,AL23:AN858,3,FALSE) -> #N/A | BK23: =VLOOKUP(C:C,[2]Sheet2!$A:$A,1,FALSE) -> #N/A
A24: 30 | C24: 7552646521 | D24: VK04 NPR | E24: VK04 A2-GR SOP向け設変出図 | F24: 1 | H24: 初 | M24: 1 | O24: 1 | P24: 1 | Q24: 1 | R24: 1 | S24: 1 | T24: 4 | U24: 2 | V24: 12 | W24: FRAME ASM | X24: VK04 | Y24: =VLOOKUP($C24,[1]量産!$C$4:$N$15550,2,FALSE) -> I4K5703 | Z24: =VLOOKUP($C24,[1]量産!$C$4:$N$15550,3,FALSE) -> 45869 | AA24: =VLOOKUP($C24,[1]量産!$C$4:$N$15550,4,FALSE) -> VK04 NPR | AB24: =VLOOKUP($C24,[1]量産!$C$4:$N$15550,5,FALSE) -> VK04 A2-Gr SOP | AC24: =VLOOKUP($C24,[1]量産!$C$4:$N$15550,6,FALSE) -> VK04 A2-Gr SOP向け設変出図 | AD24: =VLOOKUP($C24,[1]量産!$C$4:$N$15550,7,FALSE) -> 0 | AE24: =VLOOKUP($C24,[1]量産!$C$4:$N$15550,8,FALSE) -> 0 | AF24: =VLOOKUP($C24,[1]量産!$C$4:$N$15550,9,FALSE) -> 0 | AG24: =VLOOKUP($C24,[1]量産!$C$4:$N$15550,10,FALSE) -> 0 | AH24: =VLOOKUP($C24,[1]量産!$C$4:$N$15550,11,FALSE) -> 0 | AI24: =VLOOKUP($C24,[1]量産!$C$4:$N$15550,12,FALSE) -> 0 | AL24: =C24 -> 7552646521 | AM24: =B24 | AN24: =E24 -> VK04 A2-GR SOP向け設変出図 | AP24: 8983826061 | AQ24: =VLOOKUP(AP24,AL24:AM878,2,FALSE) -> C | AR24: =VLOOKUP(AP24,AL24:AN878,3,FALSE) -> #N/A | BK24: =VLOOKUP(C:C,[2]Sheet2!$A:$A,1,FALSE) -> #N/A
A25: 32 | C25: 7552693441 | D25: VK04 NPR | E25: VK04 A2-GR SOP向け設変出図 | F25: 1 | H25: 初 | M25: 1 | N25: 2 | S25: 1 | T25: 4 | U25: 3 | V25: 11 | W25: FRAME ASM | X25: VK04 | Y25: =VLOOKUP($C25,[1]量産!$C$4:$N$15550,2,FALSE) -> I4K5703 | Z25: =VLOOKUP($C25,[1]量産!$C$4:$N$15550,3,FALSE) -> 45869 | AA25: =VLOOKUP($C25,[1]量産!$C$4:$N$15550,4,FALSE) -> VK04 NPR | AB25: =VLOOKUP($C25,[1]量産!$C$4:$N$15550,5,FALSE) -> VK04 A2-Gr SOP | AC25: =VLOOKUP($C25,[1]量産!$C$4:$N$15550,6,FALSE) -> VK04 A2-Gr SOP向け設変出図 | AD25: =VLOOKUP($C25,[1]量産!$C$4:$N$15550,7,FALSE) -> 0 | AE25: =VLOOKUP($C25,[1]量産!$C$4:$N$15550,8,FALSE) -> 0 | AF25: =VLOOKUP($C25,[1]量産!$C$4:$N$15550,9,FALSE) -> 0 | AG25: =VLOOKUP($C25,[1]量産!$C$4:$N$15550,10,FALSE) -> 0 | AH25: =VLOOKUP($C25,[1]量産!$C$4:$N$15550,11,FALSE) -> 0 | AI25: =VLOOKUP($C25,[1]量産!$C$4:$N$15550,12,FALSE) -> 0 | AL25: =C25 -> 7552693441 | AM25: =B25 | AN25: =E25 -> VK04 A2-GR SOP向け設変出図 | AP25: 7551909131 | AQ25: =VLOOKUP(AP25,AL25:AM879,2,FALSE) -> A | AR25: =VLOOKUP(AP25,AL25:AN879,3,FALSE) -> 久しぶり | BK25: =VLOOKUP(C:C,[2]Sheet2!$A:$A,1,FALSE) -> #N/A
A26: 17 | C26: 7552208652 | D26: VK04 NKR | E26: I4K7240VK04 A2-GR 向け K/UP DUMP FRAME変更設変 | F26: 1 | H26: 初 | M26: 1 | N26: 1 | O26: 1 | P26: 4 | Q26: 3 | R26: 3 | S26: 4 | T26: 10 | U26: 7 | V26: 34 | W26: FRAME ASM | X26: VK04 | Y26: =VLOOKUP($C26,[1]量産!$C$4:$N$15550,2,FALSE) -> I4K7240 | Z26: =VLOOKUP($C26,[1]量産!$C$4:$N$15550,3,FALSE) -> 45888 | AA26: =VLOOKUP($C26,[1]量産!$C$4:$N$15550,4,FALSE) -> VK04 A2-Gr | AB26: =VLOOKUP($C26,[1]量産!$C$4:$N$15550,5,FALSE) -> VK04A2-Gr | AC26: =VLOOKUP($C26,[1]量産!$C$4:$N$15550,6,FALSE) -> VK04 A2-Gr 向け K/UP DUMP FRAME 変更設変 | AD26: =VLOOKUP($C26,[1]量産!$C$4:$N$15550,7,FALSE) -> 0 | AE26: =VLOOKUP($C26,[1]量産!$C$4:$N$15550,8,FALSE) -> D | AF26: =VLOOKUP($C26,[1]量産!$C$4:$N$15550,9,FALSE) -> 0 | AG26: =VLOOKUP($C26,[1]量産!$C$4:$N$15550,10,FALSE) -> 0 | AH26: =VLOOKUP($C26,[1]量産!$C$4:$N$15550,11,FALSE) -> 0 | AI26: =VLOOKUP($C26,[1]量産!$C$4:$N$15550,12,FALSE) -> 0 | AL26: =C26 -> 7552208652 | AM26: =B26 | AN26: =E26 -> I4K7240VK04 A2-GR 向け K/UP DUMP FRAME変更設変 | AP26: 8977943117 | AQ26: =VLOOKUP(AP26,AL26:AM880,2,FALSE) -> K | AR26: =VLOOKUP(AP26,AL26:AN880,3,FALSE) -> VK04 A1-GR SOP向け設変出図 | BK26: =VLOOKUP(C:C,[2]Sheet2!$A:$A,1,FALSE) -> #N/A
A27: 33 | C27: 7552715130 | D27: NMR | E27: I3K5492VK05 A-GR 欧州/トルコ/UK向け 新規出図 | F27: 1 | H27: 初 | O27: 1 | V27: 1 | W27: FRAME ASM | X27: NMR | Y27: =VLOOKUP($C27,[1]量産!$C$4:$N$15550,2,FALSE) -> I3K5492 | Z27: =VLOOKUP($C27,[1]量産!$C$4:$N$15550,3,FALSE) -> 45726 | AA27: =VLOOKUP($C27,[1]量産!$C$4:$N$15550,4,FALSE) -> VK05 A-Gr | AB27: =VLOOKUP($C27,[1]量産!$C$4:$N$15550,5,FALSE) -> VK05A-Gr | AC27: =VLOOKUP($C27,[1]量産!$C$4:$N$15550,6,FALSE) -> VK05 A-Gr 欧州/トルコ/UK向け 新規出図 | AD27: =VLOOKUP($C27,[1]量産!$C$4:$N$15550,7,FALSE) -> 0 | AE27: =VLOOKUP($C27,[1]量産!$C$4:$N$15550,8,FALSE) -> 0 | AF27: =VLOOKUP($C27,[1]量産!$C$4:$N$15550,9,FALSE) -> 0 | AG27: =VLOOKUP($C27,[1]量産!$C$4:$N$15550,10,FALSE) -> 未 | AH27: =VLOOKUP($C27,[1]量産!$C$4:$N$15550,11,FALSE) -> 未 | AI27: =VLOOKUP($C27,[1]量産!$C$4:$N$15550,12,FALSE) -> 未 | AL27: =C27 -> 7552715130 | AM27: =B27 | AN27: =E27 -> I3K5492VK05 A-GR 欧州/トルコ/UK向け 新規出図 | AP27: 8978767523 | AQ27: =VLOOKUP(AP27,AL27:AM881,2,FALSE) -> A | AR27: =VLOOKUP(AP27,AL27:AN881,3,FALSE) -> VK04 A1-GR 1生向け設変出図 | BK27: =VLOOKUP(C:C,[2]Sheet2!$A:$A,1,FALSE) -> 7552715130
A28: 34 | C28: 7552765870 | D28: VK05 NPR | E28: I3K5639VK05 B-GR K研向け新規出図 | F28: 1 | H28: 初 | O28: 1 | V28: 1 | W28: FRAME ASM | X28: VK05 | Y28: =VLOOKUP($C28,[1]量産!$C$4:$N$15550,2,FALSE) -> I3K5639 | Z28: =VLOOKUP($C28,[1]量産!$C$4:$N$15550,3,FALSE) -> 45813 | AA28: =VLOOKUP($C28,[1]量産!$C$4:$N$15550,4,FALSE) -> VK05 B-Gr | AB28: =VLOOKUP($C28,[1]量産!$C$4:$N$15550,5,FALSE) -> VK05 B-Gr KKEN | AC28: =VLOOKUP($C28,[1]量産!$C$4:$N$15550,6,FALSE) -> VK05 B-Gr KKEN 新規出図 | AD28: =VLOOKUP($C28,[1]量産!$C$4:$N$15550,7,FALSE) -> 0 | AE28: =VLOOKUP($C28,[1]量産!$C$4:$N$15550,8,FALSE) -> 0 | AF28: =VLOOKUP($C28,[1]量産!$C$4:$N$15550,9,FALSE) -> 0 | AG28: =VLOOKUP($C28,[1]量産!$C$4:$N$15550,10,FALSE) -> 0 | AH28: =VLOOKUP($C28,[1]量産!$C$4:$N$15550,11,FALSE) -> 0 | AI28: =VLOOKUP($C28,[1]量産!$C$4:$N$15550,12,FALSE) -> 0 | AL28: =C28 -> 7552765870 | AM28: =B28 | AN28: =E28 -> I3K5639VK05 B-GR K研向け新規出図 | AP28: 7552418121 | AQ28: =VLOOKUP(AP28,AL28:AM882,2,FALSE) -> C | AR28: =VLOOKUP(AP28,AL28:AN882,3,FALSE) -> VK00 3X 850幅 B1-GR FRAME ASM 設変出図(内容：FRAME ASM内容品最新化,S/M ASM LH 溶接NUT及びSTIFF SUB SPG BRKT追加,RIVET削除,REINF LH 溶接NUT追加) | BK28: =VLOOKUP(C:C,[2]Sheet2!$A:$A,1,FALSE) -> 7552765870
A29: 24 | C29: 7552225481 | D29: VK04 NMR | E29: I4K5796VK04 A2-GR 1生向け設変出図 | F29: 1 | H29: 初 | O29: 1 | P29: 1 | Q29: 1 | S29: 1 | T29: 2 | U29: 1 | V29: 7 | W29: FRAME ASM | X29: VK04 | Y29: =VLOOKUP($C29,[1]量産!$C$4:$N$15550,2,FALSE) -> I4K5796 | Z29: =VLOOKUP($C29,[1]量産!$C$4:$N$15550,3,FALSE) -> 45770 | AA29: =VLOOKUP($C29,[1]量産!$C$4:$N$15550,4,FALSE) -> VK04 A2-Gr | AB29: =VLOOKUP($C29,[1]量産!$C$4:$N$15550,5,FALSE) -> VK04A2-Gr1SEI | AC29: =VLOOKUP($C29,[1]量産!$C$4:$N$15550,6,FALSE) -> VK04A2-Gr1SEI向け設変出図 | AD29: =VLOOKUP($C29,[1]量産!$C$4:$N$15550,7,FALSE) -> 0 | AE29: =VLOOKUP($C29,[1]量産!$C$4:$N$15550,8,FALSE) -> A | AF29: =VLOOKUP($C29,[1]量産!$C$4:$N$15550,9,FALSE) -> 0 | AG29: =VLOOKUP($C29,[1]量産!$C$4:$N$15550,10,FALSE) -> 0 | AH29: =VLOOKUP($C29,[1]量産!$C$4:$N$15550,11,FALSE) -> 0 | AI29: =VLOOKUP($C29,[1]量産!$C$4:$N$15550,12,FALSE) -> 0 | AL29: =C29 -> 7552225481 | AM29: =B29 | AN29: =E29 -> I4K5796VK04 A2-GR 1生向け設変出図 | AP29: 7552222861 | AQ29: =VLOOKUP(AP29,AL29:AM883,2,FALSE) -> A | AR29: =VLOOKUP(AP29,AL29:AN883,3,FALSE) -> VK00 B2-GR 一生向け 700幅 設変出図(内容:構成部品の最新化、溶接NUT変更) | BK29: =VLOOKUP(C:C,[2]Sheet2!$A:$A,1,FALSE) -> #N/A
A30: 25 | C30: 7552225491 | D30: VK04 NMR | E30: I4K5796VK04 A2-GR 1生向け設変出図 | F30: 1 | H30: 初 | O30: 1 | P30: 1 | Q30: 1 | R30: 1 | S30: 1 | T30: 3 | U30: 2 | V30: 10 | W30: FRAME ASM | X30: VK04 | Y30: =VLOOKUP($C30,[1]量産!$C$4:$N$15550,2,FALSE) -> I4K5796 | Z30: =VLOOKUP($C30,[1]量産!$C$4:$N$15550,3,FALSE) -> 45770 | AA30: =VLOOKUP($C30,[1]量産!$C$4:$N$15550,4,FALSE) -> VK04 A2-Gr | AB30: =VLOOKUP($C30,[1]量産!$C$4:$N$15550,5,FALSE) -> VK04A2-Gr1SEI | AC30: =VLOOKUP($C30,[1]量産!$C$4:$N$15550,6,FALSE) -> VK04A2-Gr1SEI向け設変出図 | AD30: =VLOOKUP($C30,[1]量産!$C$4:$N$15550,7,FALSE) -> 0 | AE30: =VLOOKUP($C30,[1]量産!$C$4:$N$15550,8,FALSE) -> A | AF30: =VLOOKUP($C30,[1]量産!$C$4:$N$15550,9,FALSE) -> 0 | AG30: =VLOOKUP($C30,[1]量産!$C$4:$N$15550,10,FALSE) -> 0 | AH30: =VLOOKUP($C30,[1]量産!$C$4:$N$15550,11,FALSE) -> 0 | AI30: =VLOOKUP($C30,[1]量産!$C$4:$N$15550,12,FALSE) -> 0 | AL30: =C30 -> 7552225491 | AM30: =B30 | AN30: =E30 -> I4K5796VK04 A2-GR 1生向け設変出図 | AP30: 7552222871 | AQ30: =VLOOKUP(AP30,AL30:AM884,2,FALSE) -> A | AR30: =VLOOKUP(AP30,AL30:AN884,3,FALSE) -> VK00 B2-GR 一生向け 700幅 設変出図(内容:構成部品の最新化、溶接NUT変更) | BK30: =VLOOKUP(C:C,[2]Sheet2!$A:$A,1,FALSE) -> #N/A
A31: 23 | C31: 7552224951 | D31: VK04 NKR | E31: VK04 A2-GR 1生向け設変出図 | F31: 1 | H31: 初 | O31: 1 | P31: 1 | Q31: 1 | S31: 1 | T31: 1 | V31: 5 | W31: FRAME ASM | X31: VK04 | Y31: =VLOOKUP($C31,[1]量産!$C$4:$N$15550,2,FALSE) -> I4K5796 | Z31: =VLOOKUP($C31,[1]量産!$C$4:$N$15550,3,FALSE) -> 45770 | AA31: =VLOOKUP($C31,[1]量産!$C$4:$N$15550,4,FALSE) -> VK04 A2-Gr | AB31: =VLOOKUP($C31,[1]量産!$C$4:$N$15550,5,FALSE) -> VK04A2-Gr1SEI | AC31: =VLOOKUP($C31,[1]量産!$C$4:$N$15550,6,FALSE) -> VK04A2-Gr1SEI向け設変出図 | AD31: =VLOOKUP($C31,[1]量産!$C$4:$N$15550,7,FALSE) -> 0 | AE31: =VLOOKUP($C31,[1]量産!$C$4:$N$15550,8,FALSE) -> 0 | AF31: =VLOOKUP($C31,[1]量産!$C$4:$N$15550,9,FALSE) -> 0 | AG31: =VLOOKUP($C31,[1]量産!$C$4:$N$15550,10,FALSE) -> 0 | AH31: =VLOOKUP($C31,[1]量産!$C$4:$N$15550,11,FALSE) -> 0 | AI31: =VLOOKUP($C31,[1]量産!$C$4:$N$15550,12,FALSE) -> 0 | AL31: =C31 -> 7552224951 | AM31: =B31 | AN31: =E31 -> VK04 A2-GR 1生向け設変出図 | AP31: 7552312630 | AQ31: =VLOOKUP(AP31,AL31:AM885,2,FALSE) -> A | AR31: =VLOOKUP(AP31,AL31:AN885,3,FALSE) -> VK02 A-GR K研 FRAME ASM 新規出図 | BK31: =VLOOKUP(C:C,[2]Sheet2!$A:$A,1,FALSE) -> #N/A
A32: 3 | C32: 7551946401 | D32: VK00 NMR | E32: I4K4402VK00 B1-GR 一生向け FRAME ASM 設変出図(内容:穴・NUT変更、構成部品変更及び更新) | F32: 1 | H32: 初 | O32: 1 | P32: 1 | Q32: 1 | R32: 1 | S32: 1 | T32: 1 | V32: 6 | W32: FRAME ASM | X32: VK00 | Y32: =VLOOKUP($C32,[1]量産!$C$4:$N$15550,2,FALSE) -> I4K4402 | Z32: =VLOOKUP($C32,[1]量産!$C$4:$N$15550,3,FALSE) -> 45391 | AA32: =VLOOKUP($C32,[1]量産!$C$4:$N$15550,4,FALSE) -> VK00 NMR | AB32: =VLOOKUP($C32,[1]量産!$C$4:$N$15550,5,FALSE) -> VK00 B1-Gr | AC32: =VLOOKUP($C32,[1]量産!$C$4:$N$15550,6,FALSE) -> VK00 B1-GR 一生向け FRAME ASM 設変出図(内容:穴・NUT変更、構成部品変更及び更新) | AD32: =VLOOKUP($C32,[1]量産!$C$4:$N$15550,7,FALSE) -> 0 | AE32: =VLOOKUP($C32,[1]量産!$C$4:$N$15550,8,FALSE) -> A | AF32: =VLOOKUP($C32,[1]量産!$C$4:$N$15550,9,FALSE) -> 0 | AG32: =VLOOKUP($C32,[1]量産!$C$4:$N$15550,10,FALSE) -> 未 | AH32: =VLOOKUP($C32,[1]量産!$C$4:$N$15550,11,FALSE) -> 未 | AI32: =VLOOKUP($C32,[1]量産!$C$4:$N$15550,12,FALSE) -> 未 | AL32: =C32 -> 7551946401 | AM32: =B32 | AN32: =E32 -> I4K4402VK00 B1-GR 一生向け FRAME ASM 設変出図(内容:穴・NUT変更、構成部品変更及び更新) | AP32: 8978363795 | AQ32: =VLOOKUP(AP32,AL32:AM886,2,FALSE) -> A | AR32: =VLOOKUP(AP32,AL32:AN886,3,FALSE) -> VK04 A1-GR 1生向け設変出図 | BK32: =VLOOKUP(C:C,[2]Sheet2!$A:$A,1,FALSE) -> #N/A
A33: 4 | C33: 7551946411 | D33: VK00 NMR | E33: VK00 B1-GR 一生向け FRAME ASM 設変出図(内容:穴・NUT変更、構成部品変更及び更新) | F33: 1 | H33: 初 | O33: 1 | P33: 1 | Q33: 1 | R33: 1 | S33: 1 | T33: 1 | V33: 6 | W33: FRAME ASM | X33: VK00 | Y33: =VLOOKUP($C33,[1]量産!$C$4:$N$15550,2,FALSE) -> I4K4402 | Z33: =VLOOKUP($C33,[1]量産!$C$4:$N$15550,3,FALSE) -> 45391 | AA33: =VLOOKUP($C33,[1]量産!$C$4:$N$15550,4,FALSE) -> VK00 NMR | AB33: =VLOOKUP($C33,[1]量産!$C$4:$N$15550,5,FALSE) -> VK00 B1-Gr | AC33: =VLOOKUP($C33,[1]量産!$C$4:$N$15550,6,FALSE) -> VK00 B1-GR 一生向け FRAME ASM 設変出図(内容:穴・NUT変更、構成部品変更及び更新) | AD33: =VLOOKUP($C33,[1]量産!$C$4:$N$15550,7,FALSE) -> 0 | AE33: =VLOOKUP($C33,[1]量産!$C$4:$N$15550,8,FALSE) -> A | AF33: =VLOOKUP($C33,[1]量産!$C$4:$N$15550,9,FALSE) -> 0 | AG33: =VLOOKUP($C33,[1]量産!$C$4:$N$15550,10,FALSE) -> 未 | AH33: =VLOOKUP($C33,[1]量産!$C$4:$N$15550,11,FALSE) -> 未 | AI33: =VLOOKUP($C33,[1]量産!$C$4:$N$15550,12,FALSE) -> 未 | AL33: =C33 -> 7551946411 | AM33: =B33 | AN33: =E33 -> VK00 B1-GR 一生向け FRAME ASM 設変出図(内容:穴・NUT変更、構成部品変更及び更新) | AP33: 7551885852 | AQ33: =VLOOKUP(AP33,AL33:AM887,2,FALSE) -> A | AR33: =VLOOKUP(AP33,AL33:AN887,3,FALSE) -> 久しぶり | BK33: =VLOOKUP(C:C,[2]Sheet2!$A:$A,1,FALSE) -> #N/A
A34: 13 | C34: 7552165001 | D34: VK00 NP* | E34: I4K4072VK00 B1-GR 850幅 一生向け FRAME ASM 設変出図(内容:溶接NUT変更,W/PAINT部品 表面処理の変更,K研でのECR内容を今後のイベントに反映) | F34: 1 | H34: 初 | O34: 1 | P34: 1 | Q34: 1 | V34: 3 | W34: FRAME ASM | X34: VK00 | Y34: =VLOOKUP($C34,[1]量産!$C$4:$N$15550,2,FALSE) -> I4K4072 | Z34: =VLOOKUP($C34,[1]量産!$C$4:$N$15550,3,FALSE) -> 45439 | AA34: =VLOOKUP($C34,[1]量産!$C$4:$N$15550,4,FALSE) -> VK00 NP* | AB34: =VLOOKUP($C34,[1]量産!$C$4:$N$15550,5,FALSE) -> VK00 B1-Gr 850幅 | AC34: =VLOOKUP($C34,[1]量産!$C$4:$N$15550,6,FALSE) -> VK00 B1-GR 850幅 一生向け FRAME ASM 設変出図(内容:溶接NUT変更,W/PAINT部品 表面処理の変更,K研でのECR内容を今後のイベントに反映) | AD34: =VLOOKUP($C34,[1]量産!$C$4:$N$15550,7,FALSE) -> 0 | AE34: =VLOOKUP($C34,[1]量産!$C$4:$N$15550,8,FALSE) -> C | AF34: =VLOOKUP($C34,[1]量産!$C$4:$N$15550,9,FALSE) -> 0 | AG34: =VLOOKUP($C34,[1]量産!$C$4:$N$15550,10,FALSE) -> 未 | AH34: =VLOOKUP($C34,[1]量産!$C$4:$N$15550,11,FALSE) -> - | AI34: =VLOOKUP($C34,[1]量産!$C$4:$N$15550,12,FALSE) -> 未 | AL34: =C34 -> 7552165001 | AM34: =B34 | AN34: =E34 -> I4K4072VK00 B1-GR 850幅 一生向け FRAME ASM 設変出図(内容:溶接NUT変更,W/PAINT部品 表面処理の変更,K研でのECR内容を今後のイベントに反映) | AP34: 7551909072 | AQ34: =VLOOKUP(AP34,AL34:AM888,2,FALSE) -> #N/A | AR34: =VLOOKUP(AP34,AL34:AN888,3,FALSE) -> #N/A | BK34: =VLOOKUP(C:C,[2]Sheet2!$A:$A,1,FALSE) -> #N/A
A35: 14 | C35: 7552165512 | D35: VK00 N** | E35: I4K5443VK00 3X 850幅 B1-GR FRAME ASM 設変出図(内容：FRAME ASM内容品最新化,S/M ASM LH 溶接NUT及びSTIFF SUB SPG BRKT追加,RIVET削除,REINF LH 溶接NUT追加) | F35: 1 | H35: 初 | O35: 1 | P35: 1 | Q35: 1 | V35: 3 | W35: FRAME ASM | X35: VK00 | Y35: =VLOOKUP($C35,[1]量産!$C$4:$N$15550,2,FALSE) -> I4K5443 | Z35: =VLOOKUP($C35,[1]量産!$C$4:$N$15550,3,FALSE) -> 45527 | AA35: =VLOOKUP($C35,[1]量産!$C$4:$N$15550,4,FALSE) -> VK00 N** | AB35: =VLOOKUP($C35,[1]量産!$C$4:$N$15550,5,FALSE) -> VK00 B1-Gr 850幅 | AC35: =VLOOKUP($C35,[1]量産!$C$4:$N$15550,6,FALSE) -> VK00 3X 850幅 B1-GR FRAME ASM 設変出図(内容：FRAME ASM内容品最新化,S/M ASM LH 溶接NUT及びSTIFF SUB SPG BRKT追加,RIVET削除,REINF LH 溶接NUT追加) | AD35: =VLOOKUP($C35,[1]量産!$C$4:$N$15550,7,FALSE) -> 0 | AE35: =VLOOKUP($C35,[1]量産!$C$4:$N$15550,8,FALSE) -> 0 | AF35: =VLOOKUP($C35,[1]量産!$C$4:$N$15550,9,FALSE) -> 0 | AG35: =VLOOKUP($C35,[1]量産!$C$4:$N$15550,10,FALSE) -> 未 | AH35: =VLOOKUP($C35,[1]量産!$C$4:$N$15550,11,FALSE) -> 未 | AI35: =VLOOKUP($C35,[1]量産!$C$4:$N$15550,12,FALSE) -> 未 | AL35: =C35 -> 7552165512 | AM35: =B35 | AN35: =E35 -> I4K5443VK00 3X 850幅 B1-GR FRAME ASM 設変出図(内容：FRAME ASM内容品最新化,S/M ASM LH 溶接NUT及びSTIFF SUB SPG BRKT追加,RIVET削除,REINF LH 溶接NUT追加) | AP35: 7551909321 | AQ35: =VLOOKUP(AP35,AL35:AM889,2,FALSE) -> A | AR35: =VLOOKUP(AP35,AL35:AN889,3,FALSE) -> #N/A | BK35: =VLOOKUP(C:C,[2]Sheet2!$A:$A,1,FALSE) -> #N/A
A36: 15 | C36: 7552165982 | D36: VK00 N** | E36: VK00 3X 850幅 B1-GR FRAME ASM 設変出図(内容：FRAME ASM内容品最新化,S/M ASM LH 溶接NUT及びSTIFF SUB SPG BRKT追加,RIVET削除,REINF LH 溶接NUT追加) | F36: 1 | H36: 初 | O36: 1 | P36: 1 | Q36: 1 | V36: 3 | W36: FRAME ASM | X36: VK00 | Y36: =VLOOKUP($C36,[1]量産!$C$4:$N$15550,2,FALSE) -> I4K5443 | Z36: =VLOOKUP($C36,[1]量産!$C$4:$N$15550,3,FALSE) -> 45527 | AA36: =VLOOKUP($C36,[1]量産!$C$4:$N$15550,4,FALSE) -> VK00 N** | AB36: =VLOOKUP($C36,[1]量産!$C$4:$N$15550,5,FALSE) -> VK00 B1-Gr 850幅 | AC36: =VLOOKUP($C36,[1]量産!$C$4:$N$15550,6,FALSE) -> VK00 3X 850幅 B1-GR FRAME ASM 設変出図(内容：FRAME ASM内容品最新化,S/M ASM LH 溶接NUT及びSTIFF SUB SPG BRKT追加,RIVET削除,REINF LH 溶接NUT追加) | AD36: =VLOOKUP($C36,[1]量産!$C$4:$N$15550,7,FALSE) -> 0 | AE36: =VLOOKUP($C36,[1]量産!$C$4:$N$15550,8,FALSE) -> 0 | AF36: =VLOOKUP($C36,[1]量産!$C$4:$N$15550,9,FALSE) -> 0 | AG36: =VLOOKUP($C36,[1]量産!$C$4:$N$15550,10,FALSE) -> 未 | AH36: =VLOOKUP($C36,[1]量産!$C$4:$N$15550,11,FALSE) -> 未 | AI36: =VLOOKUP($C36,[1]量産!$C$4:$N$15550,12,FALSE) -> 未 | AL36: =C36 -> 7552165982 | AM36: =B36 | AN36: =E36 -> VK00 3X 850幅 B1-GR FRAME ASM 設変出図(内容：FRAME ASM内容品最新化,S/M ASM LH 溶接NUT及びSTIFF SUB SPG BRKT追加,RIVET削除,REINF LH 溶接NUT追加) | AQ36: =VLOOKUP(AP36,AL36:AM890,2,FALSE) -> 0 | AR36: =VLOOKUP(AP36,AL36:AN890,3,FALSE) -> 0 | BK36: =VLOOKUP(C:C,[2]Sheet2!$A:$A,1,FALSE) -> #N/A
A37: 21 | C37: 7552222921 | D37: VK00 NKR | E37: I4K5030VK00 B2-GR 一生向け 700幅 設変出図(内容:構成部品の最新化、溶接NUT変更) | F37: 1 | H37: 初 | O37: 1 | P37: 1 | Q37: 1 | R37: 1 | V37: 4 | W37: FRAME ASM | X37: VK00 | Y37: =VLOOKUP($C37,[1]量産!$C$4:$N$15550,2,FALSE) -> I4K5030 | Z37: =VLOOKUP($C37,[1]量産!$C$4:$N$15550,3,FALSE) -> 45450 | AA37: =VLOOKUP($C37,[1]量産!$C$4:$N$15550,4,FALSE) -> VK00 NKR | AB37: =VLOOKUP($C37,[1]量産!$C$4:$N$15550,5,FALSE) -> VK00 B2-Gr 700幅 | AC37: =VLOOKUP($C37,[1]量産!$C$4:$N$15550,6,FALSE) -> VK00 B2-GR 一生向け 700幅 設変出図(内容:構成部品の最新化、溶接NUT変更) | AD37: =VLOOKUP($C37,[1]量産!$C$4:$N$15550,7,FALSE) -> 0 | AE37: =VLOOKUP($C37,[1]量産!$C$4:$N$15550,8,FALSE) -> A | AF37: =VLOOKUP($C37,[1]量産!$C$4:$N$15550,9,FALSE) -> 0 | AG37: =VLOOKUP($C37,[1]量産!$C$4:$N$15550,10,FALSE) -> 未 | AH37: =VLOOKUP($C37,[1]量産!$C$4:$N$15550,11,FALSE) -> 未 | AI37: =VLOOKUP($C37,[1]量産!$C$4:$N$15550,12,FALSE) -> 未 | AL37: =C37 -> 7552222921 | AM37: =B37 | AN37: =E37 -> I4K5030VK00 B2-GR 一生向け 700幅 設変出図(内容:構成部品の最新化、溶接NUT変更) | AQ37: =VLOOKUP(AP37,AL37:AM891,2,FALSE) -> 0 | AR37: =VLOOKUP(AP37,AL37:AN891,3,FALSE) -> 0 | BK37: =VLOOKUP(C:C,[2]Sheet2!$A:$A,1,FALSE) -> #N/A
A38: 29 | C38: 7552378530 | D38: VK00 NMR | E38: I3K4234 | F38: 1 | H38: 初 | O38: 1 | P38: 1 | Q38: 1 | R38: 1 | S38: 1 | T38: 2 | V38: 7 | W38: FRAME ASM | X38: VK00 | Y38: =VLOOKUP($C38,[1]量産!$C$4:$N$15550,2,FALSE) -> I3K4234 | Z38: =VLOOKUP($C38,[1]量産!$C$4:$N$15550,3,FALSE) -> 45373 | AA38: =VLOOKUP($C38,[1]量産!$C$4:$N$15550,4,FALSE) -> VK00 NMR | AB38: =VLOOKUP($C38,[1]量産!$C$4:$N$15550,5,FALSE) -> VK00 700幅 | AC38: =VLOOKUP($C38,[1]量産!$C$4:$N$15550,6,FALSE) -> VK00 B1-GR 一生向け FRAME ASM 新規出図 | AD38: =VLOOKUP($C38,[1]量産!$C$4:$N$15550,7,FALSE) -> 0 | AE38: =VLOOKUP($C38,[1]量産!$C$4:$N$15550,8,FALSE) -> A | AF38: =VLOOKUP($C38,[1]量産!$C$4:$N$15550,9,FALSE) -> 0 | AG38: =VLOOKUP($C38,[1]量産!$C$4:$N$15550,10,FALSE) -> 未 | AH38: =VLOOKUP($C38,[1]量産!$C$4:$N$15550,11,FALSE) -> 未 | AI38: =VLOOKUP($C38,[1]量産!$C$4:$N$15550,12,FALSE) -> 未 | AL38: =C38 -> 7552378530 | AM38: =B38 | AN38: =E38 -> I3K4234 | AP38: 7552296090 | AQ38: =VLOOKUP(AP38,AL38:AM892,2,FALSE) -> #N/A | AR38: =VLOOKUP(AP38,AL38:AN892,3,FALSE) -> #N/A | BK38: =VLOOKUP(C:C,[2]Sheet2!$A:$A,1,FALSE) -> #N/A
A39: 42 | C39: 7552472860 | D39: VK05 NPR | E39: I3K6135 | F39: 3 | H39: 初 | P39: 1 | V39: 1 | W39: FRAME ASM | X39: VK05 | Y39: =VLOOKUP($C39,[1]量産!$C$4:$N$15550,2,FALSE) -> #N/A | Z39: =VLOOKUP($C39,[1]量産!$C$4:$N$15550,3,FALSE) -> #N/A | AA39: =VLOOKUP($C39,[1]量産!$C$4:$N$15550,4,FALSE) -> #N/A | AB39: =VLOOKUP($C39,[1]量産!$C$4:$N$15550,5,FALSE) -> #N/A | AC39: =VLOOKUP($C39,[1]量産!$C$4:$N$15550,6,FALSE) -> #N/A | AD39: =VLOOKUP($C39,[1]量産!$C$4:$N$15550,7,FALSE) -> #N/A | AE39: =VLOOKUP($C39,[1]量産!$C$4:$N$15550,8,FALSE) -> #N/A | AF39: =VLOOKUP($C39,[1]量産!$C$4:$N$15550,9,FALSE) -> #N/A | AG39: =VLOOKUP($C39,[1]量産!$C$4:$N$15550,10,FALSE) -> #N/A | AH39: =VLOOKUP($C39,[1]量産!$C$4:$N$15550,11,FALSE) -> #N/A | AI39: =VLOOKUP($C39,[1]量産!$C$4:$N$15550,12,FALSE) -> #N/A | AL39: =C39 -> 7552472860 | AM39: =B39 | AN39: =E39 -> I3K6135 | AQ39: =VLOOKUP(AP39,AL39:AM893,2,FALSE) -> 0 | AR39: =VLOOKUP(AP39,AL39:AN893,3,FALSE) -> 0 | BK39: =VLOOKUP(C:C,[2]Sheet2!$A:$A,1,FALSE) -> 7552472860
A40: 43 | C40: 7552472980 | D40: VK05 NPR | E40: I3K6135 | F40: 3 | H40: 初 | P40: 1 | V40: 1 | W40: FRAME ASM | X40: VK05 | Y40: =VLOOKUP($C40,[1]量産!$C$4:$N$15550,2,FALSE) -> #N/A | Z40: =VLOOKUP($C40,[1]量産!$C$4:$N$15550,3,FALSE) -> #N/A | AA40: =VLOOKUP($C40,[1]量産!$C$4:$N$15550,4,FALSE) -> #N/A | AB40: =VLOOKUP($C40,[1]量産!$C$4:$N$15550,5,FALSE) -> #N/A | AC40: =VLOOKUP($C40,[1]量産!$C$4:$N$15550,6,FALSE) -> #N/A | AD40: =VLOOKUP($C40,[1]量産!$C$4:$N$15550,7,FALSE) -> #N/A | AE40: =VLOOKUP($C40,[1]量産!$C$4:$N$15550,8,FALSE) -> #N/A | AF40: =VLOOKUP($C40,[1]量産!$C$4:$N$15550,9,FALSE) -> #N/A | AG40: =VLOOKUP($C40,[1]量産!$C$4:$N$15550,10,FALSE) -> #N/A | AH40: =VLOOKUP($C40,[1]量産!$C$4:$N$15550,11,FALSE) -> #N/A | AI40: =VLOOKUP($C40,[1]量産!$C$4:$N$15550,12,FALSE) -> #N/A | AL40: =C40 -> 7552472980 | AM40: =B40 | AN40: =E40 -> I3K6135 | AQ40: =VLOOKUP(AP40,AL40:AM894,2,FALSE) -> 0 | AR40: =VLOOKUP(AP40,AL40:AN894,3,FALSE) -> 0 | BK40: =VLOOKUP(C:C,[2]Sheet2!$A:$A,1,FALSE) -> 7552472980
A41: 7 | C41: 7552127033 | D41: VK00 NPR | E41: VK00 B-GR アース位置の不具合設変I4K6681 | F41: 1 | H41: 初 | P41: 1 | Q41: 1 | R41: 1 | S41: 1 | T41: 1 | V41: 5 | W41: FRAME ASM | X41: VK00 | Y41: =VLOOKUP($C41,[1]量産!$C$4:$N$15550,2,FALSE) -> I4K6681 | Z41: =VLOOKUP($C41,[1]量産!$C$4:$N$15550,3,FALSE) -> 45797 | AA41: =VLOOKUP($C41,[1]量産!$C$4:$N$15550,4,FALSE) -> VK00 B-Gr | AB41: =VLOOKUP($C41,[1]量産!$C$4:$N$15550,5,FALSE) -> VK00 B-Gr | AC41: =VLOOKUP($C41,[1]量産!$C$4:$N$15550,6,FALSE) -> VK00 B-Gr アース一の不具合設変 | AD41: =VLOOKUP($C41,[1]量産!$C$4:$N$15550,7,FALSE) -> 0 | AE41: =VLOOKUP($C41,[1]量産!$C$4:$N$15550,8,FALSE) -> A | AF41: =VLOOKUP($C41,[1]量産!$C$4:$N$15550,9,FALSE) -> 0 | AG41: =VLOOKUP($C41,[1]量産!$C$4:$N$15550,10,FALSE) -> 0 | AH41: =VLOOKUP($C41,[1]量産!$C$4:$N$15550,11,FALSE) -> 0 | AI41: =VLOOKUP($C41,[1]量産!$C$4:$N$15550,12,FALSE) -> 0 | AL41: =C41 -> 7552127033 | AM41: =B41 | AN41: =E41 -> VK00 B-GR アース位置の不具合設変I4K6681 | AQ41: =VLOOKUP(AP41,AL41:AM895,2,FALSE) -> 0 | AR41: =VLOOKUP(AP41,AL41:AN895,3,FALSE) -> 0 | BK41: =VLOOKUP(C:C,[2]Sheet2!$A:$A,1,FALSE) -> #N/A
A42: 28 | C42: 7552264810 | D42: VK00 NPR | E42: 図面未受領 | F42: 1 | H42: 初 | Q42: 1 | R42: 1 | V42: 2 | W42: FRAME ASM | X42: VK04 | Y42: =VLOOKUP($C42,[1]量産!$C$4:$N$15550,2,FALSE) -> #N/A | Z42: =VLOOKUP($C42,[1]量産!$C$4:$N$15550,3,FALSE) -> #N/A | AA42: =VLOOKUP($C42,[1]量産!$C$4:$N$15550,4,FALSE) -> #N/A | AB42: =VLOOKUP($C42,[1]量産!$C$4:$N$15550,5,FALSE) -> #N/A | AC42: =VLOOKUP($C42,[1]量産!$C$4:$N$15550,6,FALSE) -> #N/A | AD42: =VLOOKUP($C42,[1]量産!$C$4:$N$15550,7,FALSE) -> #N/A | AE42: =VLOOKUP($C42,[1]量産!$C$4:$N$15550,8,FALSE) -> #N/A | AF42: =VLOOKUP($C42,[1]量産!$C$4:$N$15550,9,FALSE) -> #N/A | AG42: =VLOOKUP($C42,[1]量産!$C$4:$N$15550,10,FALSE) -> #N/A | AH42: =VLOOKUP($C42,[1]量産!$C$4:$N$15550,11,FALSE) -> #N/A | AI42: =VLOOKUP($C42,[1]量産!$C$4:$N$15550,12,FALSE) -> #N/A | AL42: =C42 -> 7552264810 | AM42: =B42 | AN42: =E42 -> 図面未受領 | AP42: 8978363683 | AQ42: =VLOOKUP(AP42,AL42:AM896,2,FALSE) -> A | AR42: =VLOOKUP(AP42,AL42:AN896,3,FALSE) -> 久しぶり | BK42: =VLOOKUP(C:C,[2]Sheet2!$A:$A,1,FALSE) -> 7552264810
A43: 31 | C43: 7552646640 | D43: VK00 NPR | E43: 図面未受領 | F43: 1 | H43: 初 | Q43: 1 | V43: 1 | W43: FRAME ASM | X43: VK04 | Y43: =VLOOKUP($C43,[1]量産!$C$4:$N$15550,2,FALSE) -> #N/A | Z43: =VLOOKUP($C43,[1]量産!$C$4:$N$15550,3,FALSE) -> #N/A | AA43: =VLOOKUP($C43,[1]量産!$C$4:$N$15550,4,FALSE) -> #N/A | AB43: =VLOOKUP($C43,[1]量産!$C$4:$N$15550,5,FALSE) -> #N/A | AC43: =VLOOKUP($C43,[1]量産!$C$4:$N$15550,6,FALSE) -> #N/A | AD43: =VLOOKUP($C43,[1]量産!$C$4:$N$15550,7,FALSE) -> #N/A | AE43: =VLOOKUP($C43,[1]量産!$C$4:$N$15550,8,FALSE) -> #N/A | AF43: =VLOOKUP($C43,[1]量産!$C$4:$N$15550,9,FALSE) -> #N/A | AG43: =VLOOKUP($C43,[1]量産!$C$4:$N$15550,10,FALSE) -> #N/A | AH43: =VLOOKUP($C43,[1]量産!$C$4:$N$15550,11,FALSE) -> #N/A | AI43: =VLOOKUP($C43,[1]量産!$C$4:$N$15550,12,FALSE) -> #N/A | AL43: =C43 -> 7552646640 | AM43: =B43 | AN43: =E43 -> 図面未受領 | AP43: 8978749105 | AQ43: =VLOOKUP(AP43,AL43:AM897,2,FALSE) -> #N/A | AR43: =VLOOKUP(AP43,AL43:AN897,3,FALSE) -> #N/A | BK43: =VLOOKUP(C:C,[2]Sheet2!$A:$A,1,FALSE) -> 7552646640
A44: 2 | C44: 7551910170 | D44: VK00 NKR | E44: I3JBZ26VK00 1X RIGID 一生向けFRAME ASM 新規出図 | F44: 1 | H44: 初 | R44: 1 | S44: 1 | V44: 2 | W44: FRAME ASM | X44: VK00 | Y44: =VLOOKUP($C44,[1]量産!$C$4:$N$15550,2,FALSE) -> I3JBZ26 | Z44: =VLOOKUP($C44,[1]量産!$C$4:$N$15550,3,FALSE) -> 44963 | AA44: =VLOOKUP($C44,[1]量産!$C$4:$N$15550,4,FALSE) -> VK00 NKR | AB44: =VLOOKUP($C44,[1]量産!$C$4:$N$15550,5,FALSE) -> VK00 1X 標準 | AC44: =VLOOKUP($C44,[1]量産!$C$4:$N$15550,6,FALSE) -> 【I3JBZ26】VK00 1X RIGID 一生向けFRAME ASM 新規出図 | AD44: =VLOOKUP($C44,[1]量産!$C$4:$N$15550,7,FALSE) -> PA1-3108 | AE44: =VLOOKUP($C44,[1]量産!$C$4:$N$15550,8,FALSE) -> A | AF44: =VLOOKUP($C44,[1]量産!$C$4:$N$15550,9,FALSE) -> CBR | AG44: =VLOOKUP($C44,[1]量産!$C$4:$N$15550,10,FALSE) -> 未 | AH44: =VLOOKUP($C44,[1]量産!$C$4:$N$15550,11,FALSE) -> 未 | AI44: =VLOOKUP($C44,[1]量産!$C$4:$N$15550,12,FALSE) -> 未 | AL44: =C44 -> 7551910170 | AM44: =B44 | AN44: =E44 -> I3JBZ26VK00 1X RIGID 一生向けFRAME ASM 新規出図 | AP44: 7552127193 | AQ44: =VLOOKUP(AP44,AL44:AM899,2,FALSE) -> #N/A | AR44: =VLOOKUP(AP44,AL44:AN899,3,FALSE) -> #N/A | BK44: =VLOOKUP(C:C,[2]Sheet2!$A:$A,1,FALSE) -> #N/A
A45: 1 | C45: 7551885272 | D45: VK00 NPR | E45: I4JKV99VK00 3X 750幅 FRAME ASM 設変出図(サ変、NUT,RIVETの変更) ※AAS-LD-12565 | F45: 1 | H45: 初 | R45: 1 | V45: 1 | W45: FRAME ASM | X45: VK00 | Y45: =VLOOKUP($C45,[1]量産!$C$4:$N$15550,2,FALSE) -> I4JKV99 | Z45: =VLOOKUP($C45,[1]量産!$C$4:$N$15550,3,FALSE) -> 45202 | AA45: =VLOOKUP($C45,[1]量産!$C$4:$N$15550,4,FALSE) -> VK00 NPR | AB45: =VLOOKUP($C45,[1]量産!$C$4:$N$15550,5,FALSE) -> 3X 750幅 | AC45: =VLOOKUP($C45,[1]量産!$C$4:$N$15550,6,FALSE) -> 【I4JKV99】VK00 3X 750幅 FRAME ASM 設変出図(サ変、NUT,RIVETの変更) ※AAS-LD-12565 | AD45: =VLOOKUP($C45,[1]量産!$C$4:$N$15550,7,FALSE) -> PA1-3218 | AE45: =VLOOKUP($C45,[1]量産!$C$4:$N$15550,8,FALSE) -> A | AF45: =VLOOKUP($C45,[1]量産!$C$4:$N$15550,9,FALSE) -> SCE | AG45: =VLOOKUP($C45,[1]量産!$C$4:$N$15550,10,FALSE) -> 未 | AH45: =VLOOKUP($C45,[1]量産!$C$4:$N$15550,11,FALSE) -> 未 | AI45: =VLOOKUP($C45,[1]量産!$C$4:$N$15550,12,FALSE) -> 未 | AL45: =C45 -> 7551885272 | AM45: =B45 | AN45: =E45 -> I4JKV99VK00 3X 750幅 FRAME ASM 設変出図(サ変、NUT,RIVETの変更) ※AAS-LD-12565 | AP45: 7552410190 | AQ45: =VLOOKUP(AP45,AL45:AM900,2,FALSE) -> #N/A | AR45: =VLOOKUP(AP45,AL45:AN900,3,FALSE) -> #N/A | BK45: =VLOOKUP(C:C,[2]Sheet2!$A:$A,1,FALSE) -> #N/A
A46: 39 | C46: 8978767262 | D46: VK00 NKR | E46: I4JKN20VK00 1X,2X 先行量産向け設変出図 (サ変、内容:S/MBR穴、溶接NUT一部削除、RIVET位置変更) | F46: 1 | G46: VD4 | H46: 初 | S46: 1 | V46: 1 | W46: FRAME ASM | X46: VK00 | Y46: =VLOOKUP($C46,[1]量産!$C$4:$N$15550,2,FALSE) -> I4JKG68 | Z46: =VLOOKUP($C46,[1]量産!$C$4:$N$15550,3,FALSE) -> 44959 | AA46: =VLOOKUP($C46,[1]量産!$C$4:$N$15550,4,FALSE) -> VK00 NMR | AB46: =VLOOKUP($C46,[1]量産!$C$4:$N$15550,5,FALSE) -> VK00 1X 標準 | AC46: =VLOOKUP($C46,[1]量産!$C$4:$N$15550,6,FALSE) -> 【I4JKG68】VK00 1X RIGID 一生向けFRAME ASM 設変出図 | AD46: =VLOOKUP($C46,[1]量産!$C$4:$N$15550,7,FALSE) -> 未 | AE46: =VLOOKUP($C46,[1]量産!$C$4:$N$15550,8,FALSE) -> A | AF46: =VLOOKUP($C46,[1]量産!$C$4:$N$15550,9,FALSE) -> VD4 | AG46: =VLOOKUP($C46,[1]量産!$C$4:$N$15550,10,FALSE) -> 未 | AH46: =VLOOKUP($C46,[1]量産!$C$4:$N$15550,11,FALSE) -> 未 | AI46: =VLOOKUP($C46,[1]量産!$C$4:$N$15550,12,FALSE) -> 未 | AL46: =C46 -> 8978767262 | AM46: =B46 | AN46: =E46 -> I4JKN20VK00 1X,2X 先行量産向け設変出図 (サ変、内容:S/MBR穴、溶接NUT一部削除、RIVET位置変更) | AP46: 7552410520 | AQ46: =VLOOKUP(AP46,AL46:AM901,2,FALSE) -> #N/A | AR46: =VLOOKUP(AP46,AL46:AN901,3,FALSE) -> #N/A | BK46: =VLOOKUP(C:C,[2]Sheet2!$A:$A,1,FALSE) -> #N/A
A47: 18 | C47: 7552209051 | D47: VK04 NKR | E47: I4K5796VK04 A2-GR 1生向け設変出図 | F47: 1 | H47: 初 | S47: 1 | T47: 4 | U47: 3 | V47: 8 | W47: FRAME ASM | X47: VK04 | Y47: =VLOOKUP($C47,[1]量産!$C$4:$N$15550,2,FALSE) -> I4K5796 | Z47: =VLOOKUP($C47,[1]量産!$C$4:$N$15550,3,FALSE) -> 45770 | AA47: =VLOOKUP($C47,[1]量産!$C$4:$N$15550,4,FALSE) -> VK04 A2-Gr | AB47: =VLOOKUP($C47,[1]量産!$C$4:$N$15550,5,FALSE) -> VK04A2-Gr1SEI | AC47: =VLOOKUP($C47,[1]量産!$C$4:$N$15550,6,FALSE) -> VK04A2-Gr1SEI向け設変出図 | AD47: =VLOOKUP($C47,[1]量産!$C$4:$N$15550,7,FALSE) -> 0 | AE47: =VLOOKUP($C47,[1]量産!$C$4:$N$15550,8,FALSE) -> A | AF47: =VLOOKUP($C47,[1]量産!$C$4:$N$15550,9,FALSE) -> 0 | AG47: =VLOOKUP($C47,[1]量産!$C$4:$N$15550,10,FALSE) -> 0 | AH47: =VLOOKUP($C47,[1]量産!$C$4:$N$15550,11,FALSE) -> 0 | AI47: =VLOOKUP($C47,[1]量産!$C$4:$N$15550,12,FALSE) -> 0 | AL47: =C47 -> 7552209051 | AM47: =B47 | AN47: =E47 -> I4K5796VK04 A2-GR 1生向け設変出図 | AP47: 8974837110 | AQ47: =VLOOKUP(AP47,AL47:AM902,2,FALSE) -> #N/A | AR47: =VLOOKUP(AP47,AL47:AN902,3,FALSE) -> #N/A | BK47: =VLOOKUP(C:C,[2]Sheet2!$A:$A,1,FALSE) -> #N/A
A48: 19 | C48: 7552213402 | D48: VK04 NKR | E48: I4K5796VK04 A2-GR 1生向け設変出図 | F48: 1 | H48: 初 | S48: 1 | T48: 4 | U48: 3 | V48: 8 | W48: FRAME ASM | X48: VK04 | Y48: =VLOOKUP($C48,[1]量産!$C$4:$N$15550,2,FALSE) -> I4K5796 | Z48: =VLOOKUP($C48,[1]量産!$C$4:$N$15550,3,FALSE) -> 45770 | AA48: =VLOOKUP($C48,[1]量産!$C$4:$N$15550,4,FALSE) -> VK04 A2-Gr | AB48: =VLOOKUP($C48,[1]量産!$C$4:$N$15550,5,FALSE) -> VK04A2-Gr1SEI | AC48: =VLOOKUP($C48,[1]量産!$C$4:$N$15550,6,FALSE) -> VK04A2-Gr1SEI向け設変出図 | AD48: =VLOOKUP($C48,[1]量産!$C$4:$N$15550,7,FALSE) -> 0 | AE48: =VLOOKUP($C48,[1]量産!$C$4:$N$15550,8,FALSE) -> D | AF48: =VLOOKUP($C48,[1]量産!$C$4:$N$15550,9,FALSE) -> 0 | AG48: =VLOOKUP($C48,[1]量産!$C$4:$N$15550,10,FALSE) -> 0 | AH48: =VLOOKUP($C48,[1]量産!$C$4:$N$15550,11,FALSE) -> 0 | AI48: =VLOOKUP($C48,[1]量産!$C$4:$N$15550,12,FALSE) -> 0 | AL48: =C48 -> 7552213402 | AM48: =B48 | AN48: =E48 -> I4K5796VK04 A2-GR 1生向け設変出図 | AP48: 7551954813 | AQ48: =VLOOKUP(AP48,AL48:AM903,2,FALSE) -> #N/A | AR48: =VLOOKUP(AP48,AL48:AN903,3,FALSE) -> #N/A | BK48: =VLOOKUP(C:C,[2]Sheet2!$A:$A,1,FALSE) -> #N/A
A49: 35 | C49: 8972681162 | D49: VK04 NPS | E49: I4K62VK04 A1-GR 4*4 量産向け設変出図68 | F49: 1 | H49: 初 | S49: 1 | T49: 1 | V49: 2 | W49: FRAME ASM | X49: VK04 | Y49: =VLOOKUP($C49,[1]量産!$C$4:$N$15550,2,FALSE) -> I4K6268 | Z49: =VLOOKUP($C49,[1]量産!$C$4:$N$15550,3,FALSE) -> 45677 | AA49: =VLOOKUP($C49,[1]量産!$C$4:$N$15550,4,FALSE) -> VK04 NPS | AB49: =VLOOKUP($C49,[1]量産!$C$4:$N$15550,5,FALSE) -> VK04 A1-Gr | AC49: =VLOOKUP($C49,[1]量産!$C$4:$N$15550,6,FALSE) -> VK04 A1-Gr 4X4 量産向け設変出図 | AD49: =VLOOKUP($C49,[1]量産!$C$4:$N$15550,7,FALSE) -> 0 | AE49: =VLOOKUP($C49,[1]量産!$C$4:$N$15550,8,FALSE) -> 0 | AF49: =VLOOKUP($C49,[1]量産!$C$4:$N$15550,9,FALSE) -> 0 | AG49: =VLOOKUP($C49,[1]量産!$C$4:$N$15550,10,FALSE) -> 未 | AH49: =VLOOKUP($C49,[1]量産!$C$4:$N$15550,11,FALSE) -> 未 | AI49: =VLOOKUP($C49,[1]量産!$C$4:$N$15550,12,FALSE) -> 未 | AL49: =C49 -> 8972681162 | AM49: =B49 | AN49: =E49 -> I4K62VK04 A1-GR 4*4 量産向け設変出図68 | AP49: 7551954833 | AQ49: =VLOOKUP(AP49,AL49:AM904,2,FALSE) -> #N/A | AR49: =VLOOKUP(AP49,AL49:AN904,3,FALSE) -> #N/A | BK49: =VLOOKUP(C:C,[2]Sheet2!$A:$A,1,FALSE) -> #N/A
A50: 36 | C50: 8977943104 | D50: VK04 NKR | E50: I4K6850VK04 A1-GR 1生向け設変出図 | F50: 1 | H50: 初 | S50: 1 | T50: 1 | V50: 2 | W50: FRAME ASM | X50: VK04 | Y50: =VLOOKUP($C50,[1]量産!$C$4:$N$15550,2,FALSE) -> I4K6850 | Z50: =VLOOKUP($C50,[1]量産!$C$4:$N$15550,3,FALSE) -> 45791 | AA50: =VLOOKUP($C50,[1]量産!$C$4:$N$15550,4,FALSE) -> VK04 A1-Gr | AB50: =VLOOKUP($C50,[1]量産!$C$4:$N$15550,5,FALSE) -> VK04 A1-Gr 1SEI | AC50: =VLOOKUP($C50,[1]量産!$C$4:$N$15550,6,FALSE) -> VK04 A1-Gr 1SEI向け設変出図 | AD50: =VLOOKUP($C50,[1]量産!$C$4:$N$15550,7,FALSE) -> 0 | AE50: =VLOOKUP($C50,[1]量産!$C$4:$N$15550,8,FALSE) -> 0 | AF50: =VLOOKUP($C50,[1]量産!$C$4:$N$15550,9,FALSE) -> 0 | AG50: =VLOOKUP($C50,[1]量産!$C$4:$N$15550,10,FALSE) -> 0 | AH50: =VLOOKUP($C50,[1]量産!$C$4:$N$15550,11,FALSE) -> 0 | AI50: =VLOOKUP($C50,[1]量産!$C$4:$N$15550,12,FALSE) -> 0 | AL50: =C50 -> 8977943104 | AM50: =B50 | AN50: =E50 -> I4K6850VK04 A1-GR 1生向け設変出図 | AP50: 7551954853 | AQ50: =VLOOKUP(AP50,AL50:AM905,2,FALSE) -> #N/A | AR50: =VLOOKUP(AP50,AL50:AN905,3,FALSE) -> #N/A | BK50: =VLOOKUP(C:C,[2]Sheet2!$A:$A,1,FALSE) -> #N/A
A51: 40 | C51: 8978767513 | D51: VK04 NMS | E51: I4K6850VK04 A1-GR 1生向け設変出図 | F51: 1 | H51: 初 | S51: 1 | V51: 1 | W51: FRAME ASM | X51: VK04 | Y51: =VLOOKUP($C51,[1]量産!$C$4:$N$15550,2,FALSE) -> I4K5796 | Z51: =VLOOKUP($C51,[1]量産!$C$4:$N$15550,3,FALSE) -> 45770 | AA51: =VLOOKUP($C51,[1]量産!$C$4:$N$15550,4,FALSE) -> VK04 A2-Gr | AB51: =VLOOKUP($C51,[1]量産!$C$4:$N$15550,5,FALSE) -> VK04A2-Gr1SEI | AC51: =VLOOKUP($C51,[1]量産!$C$4:$N$15550,6,FALSE) -> VK04A2-Gr1SEI向け設変出図 | AD51: =VLOOKUP($C51,[1]量産!$C$4:$N$15550,7,FALSE) -> 0 | AE51: =VLOOKUP($C51,[1]量産!$C$4:$N$15550,8,FALSE) -> 0 | AF51: =VLOOKUP($C51,[1]量産!$C$4:$N$15550,9,FALSE) -> 0 | AG51: =VLOOKUP($C51,[1]量産!$C$4:$N$15550,10,FALSE) -> 0 | AH51: =VLOOKUP($C51,[1]量産!$C$4:$N$15550,11,FALSE) -> 0 | AI51: =VLOOKUP($C51,[1]量産!$C$4:$N$15550,12,FALSE) -> 0 | AL51: =C51 -> 8978767513 | AM51: =B51 | AN51: =E51 -> I4K6850VK04 A1-GR 1生向け設変出図 | AP51: 7552378390 | AQ51: =VLOOKUP(AP51,AL51:AM906,2,FALSE) -> A | AR51: =VLOOKUP(AP51,AL51:AN906,3,FALSE) -> 久しぶり | BK51: =VLOOKUP(C:C,[2]Sheet2!$A:$A,1,FALSE) -> #N/A
A52: 907 | B52: K | C52: 8977943117 | D52: VK04 NKR | E52: VK04 A1-GR SOP向け設変出図 | F52: 1 | G52: VD2 | H52: 初 | J52: 4 | L52: 1 | M52: 3 | N52: 3 | O52: 3 | P52: 5 | Q52: 5 | R52: 5 | S52: 6 | T52: 8 | U52: 6 | V52: 49 | W52: FRAME ASM | X52: VK04 | Y52: =VLOOKUP($C52,[1]量産!$C$4:$N$15550,2,FALSE) -> I4K7224 | Z52: =VLOOKUP($C52,[1]量産!$C$4:$N$15550,3,FALSE) -> 45867 | AA52: =VLOOKUP($C52,[1]量産!$C$4:$N$15550,4,FALSE) -> VK04 NKS | AB52: =VLOOKUP($C52,[1]量産!$C$4:$N$15550,5,FALSE) -> VK04 A1-Gr SOP | AC52: =VLOOKUP($C52,[1]量産!$C$4:$N$15550,6,FALSE) -> VK04 A1-Gr SOP向け設変出図 | AD52: =VLOOKUP($C52,[1]量産!$C$4:$N$15550,7,FALSE) -> 0 | AE52: =VLOOKUP($C52,[1]量産!$C$4:$N$15550,8,FALSE) -> 0 | AF52: =VLOOKUP($C52,[1]量産!$C$4:$N$15550,9,FALSE) -> 0 | AG52: =VLOOKUP($C52,[1]量産!$C$4:$N$15550,10,FALSE) -> 0 | AH52: =VLOOKUP($C52,[1]量産!$C$4:$N$15550,11,FALSE) -> 0 | AI52: =VLOOKUP($C52,[1]量産!$C$4:$N$15550,12,FALSE) -> 0 | AL52: =C52 -> 8977943117 | AM52: =B52 -> K | AN52: =E52 -> VK04 A1-GR SOP向け設変出図 | AP52: 7552296090 | AQ52: =VLOOKUP(AP52,AL52:AM907,2,FALSE) -> #N/A | AR52: =VLOOKUP(AP52,AL52:AN907,3,FALSE) -> #N/A | BK52: =VLOOKUP(C:C,[2]Sheet2!$A:$A,1,FALSE) -> #N/A
A53: 88 | B53: 115 | C53: 8978362144 | D53: VK04 NKR | E53: I4JLF98VK04 A GR 1X 700幅 | F53: 1 | G53: DAP | H53: 初 | J53: 1 | V53: 1 | W53: FRAME ASM | X53: VK04 | Y53: =VLOOKUP($C53,[1]量産!$C$4:$N$15550,2,FALSE) -> I4JLF98 | Z53: =VLOOKUP($C53,[1]量産!$C$4:$N$15550,3,FALSE) -> 45239 | AA53: =VLOOKUP($C53,[1]量産!$C$4:$N$15550,4,FALSE) -> VK04 NKR | AB53: =VLOOKUP($C53,[1]量産!$C$4:$N$15550,5,FALSE) -> VK04 700幅 | AC53: =VLOOKUP($C53,[1]量産!$C$4:$N$15550,6,FALSE) -> VK04 A GR 1X 700幅 K研向け 軽量FRAME BRKTCREW CAB MTG 最新化設変出図(内容:BRKT W-CAB MTG RH/LH変更,他内容部品の最新化) | AD53: =VLOOKUP($C53,[1]量産!$C$4:$N$15550,7,FALSE) -> 未 | AE53: =VLOOKUP($C53,[1]量産!$C$4:$N$15550,8,FALSE) -> D | AF53: =VLOOKUP($C53,[1]量産!$C$4:$N$15550,9,FALSE) | AG53: =VLOOKUP($C53,[1]量産!$C$4:$N$15550,10,FALSE) -> 未 | AH53: =VLOOKUP($C53,[1]量産!$C$4:$N$15550,11,FALSE) -> - | AI53: =VLOOKUP($C53,[1]量産!$C$4:$N$15550,12,FALSE) -> - | AL53: =C53 -> 8978362144 | AM53: =B53 -> 115 | AN53: =E53 -> I4JLF98VK04 A GR 1X 700幅 | AP53: 7552304850 | AQ53: =VLOOKUP(AP53,AL53:AM908,2,FALSE) -> C | AR53: =VLOOKUP(AP53,AL53:AN908,3,FALSE) -> VK02 A-GR K研FRAME ASM、SIDE MEMBER新規出図④ | BK53: =VLOOKUP(C:C,[2]Sheet2!$A:$A,1,FALSE) -> #N/A
A54: 104 | B54: 115 | C54: 7552702980 | D54: VK00 NMR | E54: I4K6308VK02 A-GR 1生向け設変出図 | F54: 3 | G54: DBV | H54: 初 | L54: 36 | M54: 54 | N54: 96 | O54: 16 | P54: 52 | Q54: 52 | R54: 49 | S54: 51 | T54: 50 | U54: 47 | V54: 503 | W54: FRAME ASM | X54: NMR | Y54: =VLOOKUP($C54,[1]量産!$C$4:$N$15550,2,FALSE) -> I3K5492 | Z54: =VLOOKUP($C54,[1]量産!$C$4:$N$15550,3,FALSE) -> 45726 | AA54: =VLOOKUP($C54,[1]量産!$C$4:$N$15550,4,FALSE) -> VK05 A-Gr | AB54: =VLOOKUP($C54,[1]量産!$C$4:$N$15550,5,FALSE) -> VK05A-Gr | AC54: =VLOOKUP($C54,[1]量産!$C$4:$N$15550,6,FALSE) -> VK05 A-Gr 欧州/トルコ/UK向け 新規出図 | AD54: =VLOOKUP($C54,[1]量産!$C$4:$N$15550,7,FALSE) -> PA1-5077 | AE54: =VLOOKUP($C54,[1]量産!$C$4:$N$15550,8,FALSE) -> D | AF54: =VLOOKUP($C54,[1]量産!$C$4:$N$15550,9,FALSE) -> DBV | AG54: =VLOOKUP($C54,[1]量産!$C$4:$N$15550,10,FALSE) -> 未 | AH54: =VLOOKUP($C54,[1]量産!$C$4:$N$15550,11,FALSE) -> 未 | AI54: =VLOOKUP($C54,[1]量産!$C$4:$N$15550,12,FALSE) -> 未 | AL54: =C54 -> 7552702980 | AM54: =B54 -> 115 | AN54: =E54 -> I4K6308VK02 A-GR 1生向け設変出図 | AP54: 7552305280 | AQ54: =VLOOKUP(AP54,AL54:AM909,2,FALSE) -> #N/A | AR54: =VLOOKUP(AP54,AL54:AN909,3,FALSE) -> #N/A | BK54: =VLOOKUP(C:C,[2]Sheet2!$A:$A,1,FALSE) -> 7552702980
A55: 105 | B55: 115 | C55: 7552702990 | D55: VK00 NMR | E55: VK04 A2-GR SOP向け設変出図 | F55: 3 | G55: EAK | H55: 初 | L55: 18 | M55: 12 | N55: 18 | O55: 34 | P55: 24 | Q55: 24 | R55: 24 | S55: 23 | T55: 22 | U55: 22 | V55: 221 | W55: FRAME ASM | X55: NMR | Y55: =VLOOKUP($C55,[1]量産!$C$4:$N$15550,2,FALSE) -> I3K5492 | Z55: =VLOOKUP($C55,[1]量産!$C$4:$N$15550,3,FALSE) -> 45726 | AA55: =VLOOKUP($C55,[1]量産!$C$4:$N$15550,4,FALSE) -> VK05 A-Gr | AB55: =VLOOKUP($C55,[1]量産!$C$4:$N$15550,5,FALSE) -> VK05A-Gr | AC55: =VLOOKUP($C55,[1]量産!$C$4:$N$15550,6,FALSE) -> VK05 A-Gr 欧州/トルコ/UK向け 新規出図 | AD55: =VLOOKUP($C55,[1]量産!$C$4:$N$15550,7,FALSE) -> PA1-5077 | AE55: =VLOOKUP($C55,[1]量産!$C$4:$N$15550,8,FALSE) -> D | AF55: =VLOOKUP($C55,[1]量産!$C$4:$N$15550,9,FALSE) -> EAK | AG55: =VLOOKUP($C55,[1]量産!$C$4:$N$15550,10,FALSE) -> 未 | AH55: =VLOOKUP($C55,[1]量産!$C$4:$N$15550,11,FALSE) -> 未 | AI55: =VLOOKUP($C55,[1]量産!$C$4:$N$15550,12,FALSE) -> 未 | AL55: =C55 -> 7552702990 | AM55: =B55 -> 115 | AN55: =E55 -> VK04 A2-GR SOP向け設変出図 | AP55: 7552702970 | AQ55: =VLOOKUP(AP55,AL55:AM910,2,FALSE) -> A | AR55: =VLOOKUP(AP55,AL55:AN910,3,FALSE) -> I3K5492VK05 A-GR 欧州/トルコ/UK向け 新規出図 | BK55: =VLOOKUP(C:C,[2]Sheet2!$A:$A,1,FALSE) -> 7552702990
A56: 106 | B56: 115 | C56: 7552703020 | D56: NMR | E56: VK04 A2-GR SOP向け設変出図 | F56: 3 | G56: FBD | H56: 初 | L56: 6 | M56: 30 | N56: 6 | O56: 66 | P56: 53 | Q56: 53 | R56: 50 | S56: 53 | T56: 52 | U56: 49 | V56: 418 | W56: FRAME ASM | X56: NMR | Y56: =VLOOKUP($C56,[1]量産!$C$4:$N$15550,2,FALSE) -> I3K5492 | Z56: =VLOOKUP($C56,[1]量産!$C$4:$N$15550,3,FALSE) -> 45726 | AA56: =VLOOKUP($C56,[1]量産!$C$4:$N$15550,4,FALSE) -> VK05 A-Gr | AB56: =VLOOKUP($C56,[1]量産!$C$4:$N$15550,5,FALSE) -> VK05A-Gr | AC56: =VLOOKUP($C56,[1]量産!$C$4:$N$15550,6,FALSE) -> VK05 A-Gr 欧州/トルコ/UK向け 新規出図 | AD56: =VLOOKUP($C56,[1]量産!$C$4:$N$15550,7,FALSE) -> PA1-5104 | AE56: =VLOOKUP($C56,[1]量産!$C$4:$N$15550,8,FALSE) -> D | AF56: =VLOOKUP($C56,[1]量産!$C$4:$N$15550,9,FALSE) -> FBD | AG56: =VLOOKUP($C56,[1]量産!$C$4:$N$15550,10,FALSE) -> 未 | AH56: =VLOOKUP($C56,[1]量産!$C$4:$N$15550,11,FALSE) -> 未 | AI56: =VLOOKUP($C56,[1]量産!$C$4:$N$15550,12,FALSE) -> 未 | AL56: =C56 -> 7552703020 | AM56: =B56 -> 115 | AN56: =E56 -> VK04 A2-GR SOP向け設変出図 | AP56: 8978749105 | AQ56: =VLOOKUP(AP56,AL56:AM911,2,FALSE) -> #N/A | AR56: =VLOOKUP(AP56,AL56:AN911,3,FALSE) -> #N/A | BK56: =VLOOKUP(C:C,[2]Sheet2!$A:$A,1,FALSE) -> 7552703020
A57: 103 | B57: 115 | C57: 7552702920 | D57: VK05 | E57: VK05 A-GR | F57: 3 | G57: DBU | H57: 初 | L57: 60 | R57: 3 | V57: 63 | W57: FRAME ASM | X57: VK05 | Y57: =VLOOKUP($C57,[1]量産!$C$4:$N$15550,2,FALSE) -> I3K5442 | Z57: =VLOOKUP($C57,[1]量産!$C$4:$N$15550,3,FALSE) -> 45677 | AA57: =VLOOKUP($C57,[1]量産!$C$4:$N$15550,4,FALSE) -> VK05 NMR | AB57: =VLOOKUP($C57,[1]量産!$C$4:$N$15550,5,FALSE) -> VK05 A-Gr | AC57: =VLOOKUP($C57,[1]量産!$C$4:$N$15550,6,FALSE) -> VK05 A/B Gr K研向け出図 | AD57: =VLOOKUP($C57,[1]量産!$C$4:$N$15550,7,FALSE) -> PA1-5042 | AE57: =VLOOKUP($C57,[1]量産!$C$4:$N$15550,8,FALSE) -> Ｄ | AF57: =VLOOKUP($C57,[1]量産!$C$4:$N$15550,9,FALSE) -> DBU | AG57: =VLOOKUP($C57,[1]量産!$C$4:$N$15550,10,FALSE) -> 未 | AH57: =VLOOKUP($C57,[1]量産!$C$4:$N$15550,11,FALSE) -> 未 | AI57: =VLOOKUP($C57,[1]量産!$C$4:$N$15550,12,FALSE) -> 未 | AL57: =C57 -> 7552702920 | AM57: =B57 -> 115 | AN57: =E57 -> VK05 A-GR | AP57: 8978836762 | AQ57: =VLOOKUP(AP57,AL57:AM912,2,FALSE) -> C | AR57: =VLOOKUP(AP57,AL57:AN912,3,FALSE) -> #N/A | BK57: =VLOOKUP(C:C,[2]Sheet2!$A:$A,1,FALSE) -> #N/A
A58: 54 | B58: 115 | C58: 7552735780 | D58: VK04 NKR | E58: VK04 A2-GR 1生向け設変出図 | F58: 1 | G58: DBX | H58: 初 | M58: 5 | N58: 24 | O58: 17 | P58: 5 | Q58: 4 | R58: 4 | S58: 6 | T58: 15 | U58: 11 | V58: 91 | W58: FRAME ASM | X58: VK04 | Y58: =VLOOKUP($C58,[1]量産!$C$4:$N$15550,2,FALSE) -> I3K5323 | Z58: =VLOOKUP($C58,[1]量産!$C$4:$N$15550,3,FALSE) -> 45632 | AA58: =VLOOKUP($C58,[1]量産!$C$4:$N$15550,4,FALSE) -> VK04 NKR | AB58: =VLOOKUP($C58,[1]量産!$C$4:$N$15550,5,FALSE) -> VK04 A2-Gr 軽量700幅 | AC58: =VLOOKUP($C58,[1]量産!$C$4:$N$15550,6,FALSE) -> VK04 DOM向け図面出図 VK04 A2-Gr 軽量700幅 | AD58: =VLOOKUP($C58,[1]量産!$C$4:$N$15550,7,FALSE) -> PA1-5070 | AE58: =VLOOKUP($C58,[1]量産!$C$4:$N$15550,8,FALSE) -> D | AF58: =VLOOKUP($C58,[1]量産!$C$4:$N$15550,9,FALSE) -> DBX | AG58: =VLOOKUP($C58,[1]量産!$C$4:$N$15550,10,FALSE) -> 未 | AH58: =VLOOKUP($C58,[1]量産!$C$4:$N$15550,11,FALSE) -> 未 | AI58: =VLOOKUP($C58,[1]量産!$C$4:$N$15550,12,FALSE) -> 未 | AL58: =C58 -> 7552735780 | AM58: =B58 -> 115 | AN58: =E58 -> VK04 A2-GR 1生向け設変出図 | AP58: 7552735780 | AQ58: =VLOOKUP(AP58,AL58:AM913,2,FALSE) -> 115 | AR58: =VLOOKUP(AP58,AL58:AN913,3,FALSE) -> VK04 A2-GR 1生向け設変出図 | BK58: =VLOOKUP(C:C,[2]Sheet2!$A:$A,1,FALSE) -> #N/A
A59: 49 | B59: 115 | C59: 7552702910 | D59: VK05 | E59: I4K5796VK04 A2-GR 1生向け設変出図 | F59: 1 | G59: DBT | H59: 初 | O59: 1 | V59: 1 | W59: FRAME ASM | X59: VK05 | Y59: =VLOOKUP($C59,[1]量産!$C$4:$N$15550,2,FALSE) -> I3K5442 | Z59: =VLOOKUP($C59,[1]量産!$C$4:$N$15550,3,FALSE) -> 45677 | AA59: =VLOOKUP($C59,[1]量産!$C$4:$N$15550,4,FALSE) -> VK05 NMR | AB59: =VLOOKUP($C59,[1]量産!$C$4:$N$15550,5,FALSE) -> VK05 A-Gr | AC59: =VLOOKUP($C59,[1]量産!$C$4:$N$15550,6,FALSE) -> VK05 A/B Gr K研向け出図 | AD59: =VLOOKUP($C59,[1]量産!$C$4:$N$15550,7,FALSE) -> PA1-5042 | AE59: =VLOOKUP($C59,[1]量産!$C$4:$N$15550,8,FALSE) -> Ｄ | AF59: =VLOOKUP($C59,[1]量産!$C$4:$N$15550,9,FALSE) -> DBT | AG59: =VLOOKUP($C59,[1]量産!$C$4:$N$15550,10,FALSE) -> 未 | AH59: =VLOOKUP($C59,[1]量産!$C$4:$N$15550,11,FALSE) -> 未 | AI59: =VLOOKUP($C59,[1]量産!$C$4:$N$15550,12,FALSE) -> 未 | AL59: =C59 -> 7552702910 | AM59: =B59 -> 115 | AN59: =E59 -> I4K5796VK04 A2-GR 1生向け設変出図 | AP59: 8978408190 | AQ59: =VLOOKUP(AP59,AL59:AM914,2,FALSE) -> C | AR59: =VLOOKUP(AP59,AL59:AN914,3,FALSE) -> 久しぶり | BK59: =VLOOKUP(C:C,[2]Sheet2!$A:$A,1,FALSE) -> 7552702910
A60: 50 | B60: 115 | C60: 7552702980 | D60: VK00 NMR | E60: I4K6308VK02 A-GR 1生向け設変出図 | F60: 1 | G60: DBV | H60: 初 | O60: 1 | V60: 1 | W60: FRAME ASM | X60: NMR | Y60: =VLOOKUP($C60,[1]量産!$C$4:$N$15550,2,FALSE) -> I3K5492 | Z60: =VLOOKUP($C60,[1]量産!$C$4:$N$15550,3,FALSE) -> 45726 | AA60: =VLOOKUP($C60,[1]量産!$C$4:$N$15550,4,FALSE) -> VK05 A-Gr | AB60: =VLOOKUP($C60,[1]量産!$C$4:$N$15550,5,FALSE) -> VK05A-Gr | AC60: =VLOOKUP($C60,[1]量産!$C$4:$N$15550,6,FALSE) -> VK05 A-Gr 欧州/トルコ/UK向け 新規出図 | AD60: =VLOOKUP($C60,[1]量産!$C$4:$N$15550,7,FALSE) -> PA1-5077 | AE60: =VLOOKUP($C60,[1]量産!$C$4:$N$15550,8,FALSE) -> D | AF60: =VLOOKUP($C60,[1]量産!$C$4:$N$15550,9,FALSE) -> DBV | AG60: =VLOOKUP($C60,[1]量産!$C$4:$N$15550,10,FALSE) -> 未 | AH60: =VLOOKUP($C60,[1]量産!$C$4:$N$15550,11,FALSE) -> 未 | AI60: =VLOOKUP($C60,[1]量産!$C$4:$N$15550,12,FALSE) -> 未 | AL60: =C60 -> 7552702980 | AM60: =B60 -> 115 | AN60: =E60 -> I4K6308VK02 A-GR 1生向け設変出図 | AP60: 8978767294 | AQ60: =VLOOKUP(AP60,AL60:AM915,2,FALSE) -> A | AR60: =VLOOKUP(AP60,AL60:AN915,3,FALSE) -> #N/A | BK60: =VLOOKUP(C:C,[2]Sheet2!$A:$A,1,FALSE) -> 7552702980
A61: 51 | B61: 115 | C61: 7552702990 | D61: VK00 NMR | E61: VK04 A2-GR SOP向け設変出図 | F61: 1 | G61: EAK | H61: 初 | O61: 1 | V61: 1 | W61: FRAME ASM | X61: NMR | Y61: =VLOOKUP($C61,[1]量産!$C$4:$N$15550,2,FALSE) -> I3K5492 | Z61: =VLOOKUP($C61,[1]量産!$C$4:$N$15550,3,FALSE) -> 45726 | AA61: =VLOOKUP($C61,[1]量産!$C$4:$N$15550,4,FALSE) -> VK05 A-Gr | AB61: =VLOOKUP($C61,[1]量産!$C$4:$N$15550,5,FALSE) -> VK05A-Gr | AC61: =VLOOKUP($C61,[1]量産!$C$4:$N$15550,6,FALSE) -> VK05 A-Gr 欧州/トルコ/UK向け 新規出図 | AD61: =VLOOKUP($C61,[1]量産!$C$4:$N$15550,7,FALSE) -> PA1-5077 | AE61: =VLOOKUP($C61,[1]量産!$C$4:$N$15550,8,FALSE) -> D | AF61: =VLOOKUP($C61,[1]量産!$C$4:$N$15550,9,FALSE) -> EAK | AG61: =VLOOKUP($C61,[1]量産!$C$4:$N$15550,10,FALSE) -> 未 | AH61: =VLOOKUP($C61,[1]量産!$C$4:$N$15550,11,FALSE) -> 未 | AI61: =VLOOKUP($C61,[1]量産!$C$4:$N$15550,12,FALSE) -> 未 | AL61: =C61 -> 7552702990 | AM61: =B61 -> 115 | AN61: =E61 -> VK04 A2-GR SOP向け設変出図 | AP61: 7552165752 | AQ61: =VLOOKUP(AP61,AL61:AM916,2,FALSE) -> C | AR61: =VLOOKUP(AP61,AL61:AN916,3,FALSE) -> VK00 3X 850幅 B1-GR | BK61: =VLOOKUP(C:C,[2]Sheet2!$A:$A,1,FALSE) -> 7552702990
A62: 52 | B62: 115 | C62: 7552703020 | D62: NMR | E62: VK04 A2-GR SOP向け設変出図 | F62: 1 | G62: FBD | H62: 初 | O62: 1 | V62: 1 | W62: FRAME ASM | X62: NMR | Y62: =VLOOKUP($C62,[1]量産!$C$4:$N$15550,2,FALSE) -> I3K5492 | Z62: =VLOOKUP($C62,[1]量産!$C$4:$N$15550,3,FALSE) -> 45726 | AA62: =VLOOKUP($C62,[1]量産!$C$4:$N$15550,4,FALSE) -> VK05 A-Gr | AB62: =VLOOKUP($C62,[1]量産!$C$4:$N$15550,5,FALSE) -> VK05A-Gr | AC62: =VLOOKUP($C62,[1]量産!$C$4:$N$15550,6,FALSE) -> VK05 A-Gr 欧州/トルコ/UK向け 新規出図 | AD62: =VLOOKUP($C62,[1]量産!$C$4:$N$15550,7,FALSE) -> PA1-5104 | AE62: =VLOOKUP($C62,[1]量産!$C$4:$N$15550,8,FALSE) -> D | AF62: =VLOOKUP($C62,[1]量産!$C$4:$N$15550,9,FALSE) -> FBD | AG62: =VLOOKUP($C62,[1]量産!$C$4:$N$15550,10,FALSE) -> 未 | AH62: =VLOOKUP($C62,[1]量産!$C$4:$N$15550,11,FALSE) -> 未 | AI62: =VLOOKUP($C62,[1]量産!$C$4:$N$15550,12,FALSE) -> 未 | AL62: =C62 -> 7552703020 | AM62: =B62 -> 115 | AN62: =E62 -> VK04 A2-GR SOP向け設変出図 | AP62: 7552702990 | AQ62: =VLOOKUP(AP62,AL73:AM847,2,FALSE) -> #N/A | AR62: =VLOOKUP(AP62,AL73:AN847,3,FALSE) -> #N/A | BK62: =VLOOKUP(C:C,[2]Sheet2!$A:$A,1,FALSE) -> 7552703020
A63: 53 | B63: 115 | C63: 7552715090 | D63: NMR | E63: VK04 A2-GR SOP向け設変出図 | F63: 1 | G63: DBZ | H63: 初 | O63: 1 | V63: 1 | W63: FRAME ASM | X63: NMR | Y63: =VLOOKUP($C63,[1]量産!$C$4:$N$15550,2,FALSE) -> I3K5492 | Z63: =VLOOKUP($C63,[1]量産!$C$4:$N$15550,3,FALSE) -> 45726 | AA63: =VLOOKUP($C63,[1]量産!$C$4:$N$15550,4,FALSE) -> VK05 A-Gr | AB63: =VLOOKUP($C63,[1]量産!$C$4:$N$15550,5,FALSE) -> VK05A-Gr | AC63: =VLOOKUP($C63,[1]量産!$C$4:$N$15550,6,FALSE) -> VK05 A-Gr 欧州/トルコ/UK向け 新規出図 | AD63: =VLOOKUP($C63,[1]量産!$C$4:$N$15550,7,FALSE) -> PA1-5104 | AE63: =VLOOKUP($C63,[1]量産!$C$4:$N$15550,8,FALSE) -> D | AF63: =VLOOKUP($C63,[1]量産!$C$4:$N$15550,9,FALSE) -> DBZ | AG63: =VLOOKUP($C63,[1]量産!$C$4:$N$15550,10,FALSE) -> 未 | AH63: =VLOOKUP($C63,[1]量産!$C$4:$N$15550,11,FALSE) -> 未 | AI63: =VLOOKUP($C63,[1]量産!$C$4:$N$15550,12,FALSE) -> 未 | AL63: =C63 -> 7552715090 | AM63: =B63 -> 115 | AN63: =E63 -> VK04 A2-GR SOP向け設変出図 | AP63: 7551885952 | AQ63: =VLOOKUP(AP63,AL63:AM848,2,FALSE) -> A | AR63: =VLOOKUP(AP63,AL63:AN848,3,FALSE) -> VK00 3X 750幅 FRAME ASM 設変出図(サ変、NUT,RIVETの変更) ※AAS-LD-12565 | BK63: =VLOOKUP(C:C,[2]Sheet2!$A:$A,1,FALSE) -> 7552715090
A64: 48 | B64: C | C64: 7552304850 | D64: VK02 NPR | E64: VK02 A-GR K研FRAME ASM、SIDE MEMBER新規出図④ | F64: 1 | H64: 初 | Q64: 1 | R64: 1 | V64: 2 | W64: FRAME ASM | X64: VK02 | Y64: =VLOOKUP($C64,[1]量産!$C$4:$N$15550,2,FALSE) -> I3K5037 | Z64: =VLOOKUP($C64,[1]量産!$C$4:$N$15550,3,FALSE) -> 45587 | AA64: =VLOOKUP($C64,[1]量産!$C$4:$N$15550,4,FALSE) -> VK02 NPR | AB64: =VLOOKUP($C64,[1]量産!$C$4:$N$15550,5,FALSE) -> VK02 A-GR | AC64: =VLOOKUP($C64,[1]量産!$C$4:$N$15550,6,FALSE) -> VK02 A-GR K研FRAME ASM、SIDE MEMBER新規出図④ | AD64: =VLOOKUP($C64,[1]量産!$C$4:$N$15550,7,FALSE) -> 未 | AE64: =VLOOKUP($C64,[1]量産!$C$4:$N$15550,8,FALSE) -> 0 | AF64: =VLOOKUP($C64,[1]量産!$C$4:$N$15550,9,FALSE) -> 0 | AG64: =VLOOKUP($C64,[1]量産!$C$4:$N$15550,10,FALSE) -> 未 | AH64: =VLOOKUP($C64,[1]量産!$C$4:$N$15550,11,FALSE) -> 未 | AI64: =VLOOKUP($C64,[1]量産!$C$4:$N$15550,12,FALSE) -> 未 | AL64: =C64 -> 7552304850 | AM64: =B64 -> C | AN64: =E64 -> VK02 A-GR K研FRAME ASM、SIDE MEMBER新規出図④ | AP64: 7552378350 | AQ64: =VLOOKUP(AP64,AL64:AM832,2,FALSE) -> A | AR64: =VLOOKUP(AP64,AL64:AN832,3,FALSE) -> 久しぶり | BK64: =VLOOKUP(C:C,[2]Sheet2!$A:$A,1,FALSE) -> 7552304850
A65: 102 | B65: 115 | C65: 7552702910 | D65: VK05 | E65: I4K5796VK04 A2-GR 1生向け設変出図 | F65: 3 | G65: DBT | H65: 初 | R65: 3 | V65: 3 | W65: FRAME ASM | X65: VK05 | Y65: =VLOOKUP($C65,[1]量産!$C$4:$N$15550,2,FALSE) -> I3K5442 | Z65: =VLOOKUP($C65,[1]量産!$C$4:$N$15550,3,FALSE) -> 45677 | AA65: =VLOOKUP($C65,[1]量産!$C$4:$N$15550,4,FALSE) -> VK05 NMR | AB65: =VLOOKUP($C65,[1]量産!$C$4:$N$15550,5,FALSE) -> VK05 A-Gr | AC65: =VLOOKUP($C65,[1]量産!$C$4:$N$15550,6,FALSE) -> VK05 A/B Gr K研向け出図 | AD65: =VLOOKUP($C65,[1]量産!$C$4:$N$15550,7,FALSE) -> PA1-5042 | AE65: =VLOOKUP($C65,[1]量産!$C$4:$N$15550,8,FALSE) -> Ｄ | AF65: =VLOOKUP($C65,[1]量産!$C$4:$N$15550,9,FALSE) -> DBT | AG65: =VLOOKUP($C65,[1]量産!$C$4:$N$15550,10,FALSE) -> 未 | AH65: =VLOOKUP($C65,[1]量産!$C$4:$N$15550,11,FALSE) -> 未 | AI65: =VLOOKUP($C65,[1]量産!$C$4:$N$15550,12,FALSE) -> 未 | AL65: =C65 -> 7552702910 | AM65: =B65 -> 115 | AN65: =E65 -> I4K5796VK04 A2-GR 1生向け設変出図 | AP65: 7552378380 | AQ65: =VLOOKUP(AP65,AL65:AM833,2,FALSE) -> A | AR65: =VLOOKUP(AP65,AL65:AN833,3,FALSE) -> 久しぶり | BK65: =VLOOKUP(C:C,[2]Sheet2!$A:$A,1,FALSE) -> 7552702910
A66: 76 | B66: 115 | C66: 8977940183 | D66: VK04 NKR | E66: 久しぶり | F66: 1 | G66: DAZ | H66: 久 | J66: 1 | V66: 1 | W66: FRAME ASM | X66: VK04 | Y66: =VLOOKUP($C66,[1]量産!$C$4:$N$15550,2,FALSE) -> I4JLF98 | Z66: =VLOOKUP($C66,[1]量産!$C$4:$N$15550,3,FALSE) -> 45239 | AA66: =VLOOKUP($C66,[1]量産!$C$4:$N$15550,4,FALSE) -> VK04 NKR | AB66: =VLOOKUP($C66,[1]量産!$C$4:$N$15550,5,FALSE) -> VK04 700幅 | AC66: =VLOOKUP($C66,[1]量産!$C$4:$N$15550,6,FALSE) -> VK04 A GR 1X 700幅 K研向け 軽量FRAME BRKTCREW CAB MTG 最新化設変出図(内容:BRKT W-CAB MTG RH/LH変更,他内容部品の最新化) | AD66: =VLOOKUP($C66,[1]量産!$C$4:$N$15550,7,FALSE) -> 未 | AE66: =VLOOKUP($C66,[1]量産!$C$4:$N$15550,8,FALSE) -> D | AF66: =VLOOKUP($C66,[1]量産!$C$4:$N$15550,9,FALSE) | AG66: =VLOOKUP($C66,[1]量産!$C$4:$N$15550,10,FALSE) -> ○ | AH66: =VLOOKUP($C66,[1]量産!$C$4:$N$15550,11,FALSE) -> - | AI66: =VLOOKUP($C66,[1]量産!$C$4:$N$15550,12,FALSE) -> - | AL66: =C66 -> 8977940183 | AM66: =B66 -> 115 | AN66: =E66 -> 久しぶり | AP66: 8978408190 | AQ66: =VLOOKUP(AP66,AL66:AM836,2,FALSE) -> C | AR66: =VLOOKUP(AP66,AL66:AN836,3,FALSE) -> 久しぶり | BK66: =VLOOKUP(C:C,[2]Sheet2!$A:$A,1,FALSE) -> #N/A
A67: 101 | B67: 115 | C67: 8983666814 | D67: VL04 NKR | E67: 久しぶり | F67: 1 | G67: 2DC5 | H67: 久 | J67: 1 | O67: 1 | P67: 1 | Q67: 1 | S67: 1 | T67: 1 | V67: 6 | W67: FRAME ASM | X67: VL04 | Y67: =VLOOKUP($C67,[1]量産!$C$4:$N$15550,2,FALSE) -> I4JKU05 | Z67: =VLOOKUP($C67,[1]量産!$C$4:$N$15550,3,FALSE) -> 0 | AA67: =VLOOKUP($C67,[1]量産!$C$4:$N$15550,4,FALSE) -> NKR | AB67: =VLOOKUP($C67,[1]量産!$C$4:$N$15550,5,FALSE) -> 現行 700幅 | AC67: =VLOOKUP($C67,[1]量産!$C$4:$N$15550,6,FALSE) -> 現行700幅FRAME 設変出図(サ変：3JCE66 GUSSET亀裂対策反映に伴う) | AD67: =VLOOKUP($C67,[1]量産!$C$4:$N$15550,7,FALSE) -> 未 | AE67: =VLOOKUP($C67,[1]量産!$C$4:$N$15550,8,FALSE) -> D | AF67: =VLOOKUP($C67,[1]量産!$C$4:$N$15550,9,FALSE) | AG67: =VLOOKUP($C67,[1]量産!$C$4:$N$15550,10,FALSE) -> ○ | AH67: =VLOOKUP($C67,[1]量産!$C$4:$N$15550,11,FALSE) -> - | AI67: =VLOOKUP($C67,[1]量産!$C$4:$N$15550,12,FALSE) -> - | AL67: =C67 -> 8983666814 | AM67: =B67 -> 115 | AN67: =E67 -> 久しぶり | AP67: 7552282562 | AQ67: =VLOOKUP(AP67,AL67:AM917,2,FALSE) -> #N/A | AR67: =VLOOKUP(AP67,AL67:AN917,3,FALSE) -> #N/A | BK67: =VLOOKUP(C:C,[2]Sheet2!$A:$A,1,FALSE) -> #N/A
A68: 97 | B68: 115 | C68: 8978748626 | D68: VL26 NKR | E68: 久しぶり | F68: 1 | G68: 1DVC | H68: 久 | K68: 1 | L68: 2 | M68: 2 | N68: 2 | O68: 2 | P68: 2 | Q68: 2 | R68: 2 | S68: 2 | T68: 3 | U68: 2 | V68: 22 | W68: FRAME ASM | X68: VL26 | Y68: =VLOOKUP($C68,[1]量産!$C$4:$N$15550,2,FALSE) -> I4JLF77 | Z68: =VLOOKUP($C68,[1]量産!$C$4:$N$15550,3,FALSE) -> 45247 | AA68: =VLOOKUP($C68,[1]量産!$C$4:$N$15550,4,FALSE) -> VL26 NMR | AB68: =VLOOKUP($C68,[1]量産!$C$4:$N$15550,5,FALSE) -> VL26 700幅 | AC68: =VLOOKUP($C68,[1]量産!$C$4:$N$15550,6,FALSE) -> VL26 A-GR 700幅 RR C/MBR EVﾌﾚｰﾑ分 亀裂対応設変出図(変更内容:6TH C/MBR穴追加によるｻﾌｨｯｸｽ変更、GUSSET 6TH C/MBR LWRの形状変更による新規品番反映) | AD68: =VLOOKUP($C68,[1]量産!$C$4:$N$15550,7,FALSE) -> 未 | AE68: =VLOOKUP($C68,[1]量産!$C$4:$N$15550,8,FALSE) -> D | AF68: =VLOOKUP($C68,[1]量産!$C$4:$N$15550,9,FALSE) -> 0 | AG68: =VLOOKUP($C68,[1]量産!$C$4:$N$15550,10,FALSE) -> ○ | AH68: =VLOOKUP($C68,[1]量産!$C$4:$N$15550,11,FALSE) -> - | AI68: =VLOOKUP($C68,[1]量産!$C$4:$N$15550,12,FALSE) -> - | AL68: =C68 -> 8978748626 | AM68: =B68 -> 115 | AN68: =E68 -> 久しぶり | AP68: 7552241390 | AQ68: =VLOOKUP(AP68,AL68:AM918,2,FALSE) -> #N/A | AR68: =VLOOKUP(AP68,AL68:AN918,3,FALSE) -> #N/A | BK68: =VLOOKUP(C:C,[2]Sheet2!$A:$A,1,FALSE) -> #N/A
A69: 66 | B69: 115 | C69: 8972799650 | D69: VK00 NKR | E69: 久しぶり | F69: 1 | G69: FAD | H69: 久 | P69: 1 | Q69: 1 | V69: 2 | W69: FRAME ASM | X69: VK00 | Y69: =VLOOKUP($C69,[1]量産!$C$4:$N$15550,2,FALSE) -> I3JBY65 | Z69: =VLOOKUP($C69,[1]量産!$C$4:$N$15550,3,FALSE) -> 0 | AA69: =VLOOKUP($C69,[1]量産!$C$4:$N$15550,4,FALSE) -> VK00NKR | AB69: =VLOOKUP($C69,[1]量産!$C$4:$N$15550,5,FALSE) -> VK00 1X 軽量 | AC69: =VLOOKUP($C69,[1]量産!$C$4:$N$15550,6,FALSE) -> 【I3JBY65】VK00 1X 700幅 FRAME ASM 一生-2向け新規出図 | AD69: =VLOOKUP($C69,[1]量産!$C$4:$N$15550,7,FALSE) -> PA1-3068 | AE69: =VLOOKUP($C69,[1]量産!$C$4:$N$15550,8,FALSE) -> D | AF69: =VLOOKUP($C69,[1]量産!$C$4:$N$15550,9,FALSE) -> FAD | AG69: =VLOOKUP($C69,[1]量産!$C$4:$N$15550,10,FALSE) -> ○ | AH69: =VLOOKUP($C69,[1]量産!$C$4:$N$15550,11,FALSE) -> - | AI69: =VLOOKUP($C69,[1]量産!$C$4:$N$15550,12,FALSE) -> - | AL69: =C69 -> 8972799650 | AM69: =B69 -> 115 | AN69: =E69 -> 久しぶり | AP69: 7552264530 | AQ69: =VLOOKUP(AP69,AL69:AM919,2,FALSE) -> #N/A | AR69: =VLOOKUP(AP69,AL69:AN919,3,FALSE) -> #N/A | BK69: =VLOOKUP(C:C,[2]Sheet2!$A:$A,1,FALSE) -> #N/A
A70: 94 | B70: 115 | C70: 8978470382 | D70: VK00 NMR | E70: 久しぶり | F70: 1 | G70: EAC | H70: 久 | Q70: 1 | R70: 2 | V70: 3 | W70: FRAME ASM | X70: VK00 | Y70: =VLOOKUP($C70,[1]量産!$C$4:$N$15550,2,FALSE) -> I4JKG65 | Z70: =VLOOKUP($C70,[1]量産!$C$4:$N$15550,3,FALSE) -> 0 | AA70: =VLOOKUP($C70,[1]量産!$C$4:$N$15550,4,FALSE) -> VK00 NMR | AB70: =VLOOKUP($C70,[1]量産!$C$4:$N$15550,5,FALSE) -> VK00 2X 軽量 | AC70: =VLOOKUP($C70,[1]量産!$C$4:$N$15550,6,FALSE) -> 【I4JKG65】VK00 2X 700幅 FRAME 先行量産向け設変出図 | AD70: =VLOOKUP($C70,[1]量産!$C$4:$N$15550,7,FALSE) -> 未 | AE70: =VLOOKUP($C70,[1]量産!$C$4:$N$15550,8,FALSE) -> D | AF70: =VLOOKUP($C70,[1]量産!$C$4:$N$15550,9,FALSE) -> EAC | AG70: =VLOOKUP($C70,[1]量産!$C$4:$N$15550,10,FALSE) -> ○ | AH70: =VLOOKUP($C70,[1]量産!$C$4:$N$15550,11,FALSE) -> - | AI70: =VLOOKUP($C70,[1]量産!$C$4:$N$15550,12,FALSE) -> - | AL70: =C70 -> 8978470382 | AM70: =B70 -> 115 | AN70: =E70 -> 久しぶり | AP70: 7552264670 | AQ70: =VLOOKUP(AP70,AL70:AM920,2,FALSE) -> #N/A | AR70: =VLOOKUP(AP70,AL70:AN920,3,FALSE) -> #N/A | BK70: =VLOOKUP(C:C,[2]Sheet2!$A:$A,1,FALSE) -> #N/A
A71: 74 | B71: 115 | C71: 8975047131 | D71: VL11 NKR | E71: 久しぶり | F71: 1 | G71: DE2 | H71: 久 | S71: 1 | T71: 1 | V71: 2 | W71: FRAME ASM | X71: NKR | Y71: =VLOOKUP($C71,[1]量産!$C$4:$N$15550,2,FALSE) -> I4JGW34 | Z71: =VLOOKUP($C71,[1]量産!$C$4:$N$15550,3,FALSE) -> 0 | AA71: =VLOOKUP($C71,[1]量産!$C$4:$N$15550,4,FALSE) -> VL11 NKR | AB71: =VLOOKUP($C71,[1]量産!$C$4:$N$15550,5,FALSE) -> VL11 A/B-Gr | AC71: =VLOOKUP($C71,[1]量産!$C$4:$N$15550,6,FALSE) -> 【I4JGW34】VL11 新軽量 FRAME ASM 設変出図 AAS-LD-6881の恒久設変 | AD71: =VLOOKUP($C71,[1]量産!$C$4:$N$15550,7,FALSE) -> PA1-9233 | AE71: =VLOOKUP($C71,[1]量産!$C$4:$N$15550,8,FALSE) -> D | AF71: =VLOOKUP($C71,[1]量産!$C$4:$N$15550,9,FALSE) -> DE2 | AG71: =VLOOKUP($C71,[1]量産!$C$4:$N$15550,10,FALSE) -> ○ | AH71: =VLOOKUP($C71,[1]量産!$C$4:$N$15550,11,FALSE) -> - | AI71: =VLOOKUP($C71,[1]量産!$C$4:$N$15550,12,FALSE) -> - | AL71: =C71 -> 8975047131 | AM71: =B71 -> 115 | AN71: =E71 -> 久しぶり | AP71: 7552735790 | AQ71: =VLOOKUP(AP71,AL71:AM921,2,FALSE) -> #N/A | AR71: =VLOOKUP(AP71,AL71:AN921,3,FALSE) -> #N/A | BK71: =VLOOKUP(C:C,[2]Sheet2!$A:$A,1,FALSE) -> #N/A
A72: 898 | B72: K | C72: 7551908980 | D72: VK00 NKR | E72: SOP | F72: 1 | G72: VD5 | I72: 57 | J72: 38 | K72: 26 | L72: 46 | M72: 59 | N72: 57 | O72: 40 | P72: 50 | Q72: 37 | R72: 32 | S72: 19 | T72: 28 | U72: 24 | V72: 513 | W72: FRAME ASM | X72: VK00 | Y72: =VLOOKUP($C72,[1]量産!$C$4:$N$15550,2,FALSE) -> I3JBX05 | Z72: =VLOOKUP($C72,[1]量産!$C$4:$N$15550,3,FALSE) -> 0 | AA72: =VLOOKUP($C72,[1]量産!$C$4:$N$15550,4,FALSE) -> VK00 NMR | AB72: =VLOOKUP($C72,[1]量産!$C$4:$N$15550,5,FALSE) -> VK00 1X FFLD | AC72: =VLOOKUP($C72,[1]量産!$C$4:$N$15550,6,FALSE) -> 【I3JBX05】VK00 1X ’22/2月末 1生-2向けFRAME ASM 新規出図 | AD72: =VLOOKUP($C72,[1]量産!$C$4:$N$15550,7,FALSE) -> PA1-3045 | AE72: =VLOOKUP($C72,[1]量産!$C$4:$N$15550,8,FALSE) -> D | AF72: =VLOOKUP($C72,[1]量産!$C$4:$N$15550,9,FALSE) -> VD5 | AG72: =VLOOKUP($C72,[1]量産!$C$4:$N$15550,10,FALSE) -> ○ | AH72: =VLOOKUP($C72,[1]量産!$C$4:$N$15550,11,FALSE) -> - | AI72: =VLOOKUP($C72,[1]量産!$C$4:$N$15550,12,FALSE) -> - | AL72: =C72 -> 7551908980 | AM72: =B72 -> K | AN72: =E72 -> SOP | AP72: 8972799733 | AQ72: =VLOOKUP(AP72,AL478:AM830,2,FALSE) -> #N/A | AR72: =VLOOKUP(AP72,AL478:AN830,3,FALSE) -> #N/A | BK72: =VLOOKUP(C:C,[2]Sheet2!$A:$A,1,FALSE) -> #N/A
A73: 906 | B73: K | C73: 8977942924 | D73: VK00 NKR | E73: SOP | F73: 1 | G73: VD1 | I73: 38 | J73: 39 | K73: 65 | L73: 71 | M73: 43 | N73: 20 | O73: 10 | P73: 28 | Q73: 24 | R73: 30 | S73: 20 | T73: 30 | U73: 21 | V73: 439 | W73: FRAME ASM | X73: VK00 | Y73: =VLOOKUP($C73,[1]量産!$C$4:$N$15550,2,FALSE) -> I4JJZ45 | Z73: =VLOOKUP($C73,[1]量産!$C$4:$N$15550,3,FALSE) -> 0 | AA73: =VLOOKUP($C73,[1]量産!$C$4:$N$15550,4,FALSE) -> VK00NKR | AB73: =VLOOKUP($C73,[1]量産!$C$4:$N$15550,5,FALSE) -> VK00 1X FFLD | AC73: =VLOOKUP($C73,[1]量産!$C$4:$N$15550,6,FALSE) -> 【I4JJZ45】VK00 1X ’22/2月末 1生-2向けFRAME ASM 設変出図(サ変) | AD73: =VLOOKUP($C73,[1]量産!$C$4:$N$15550,7,FALSE) -> 未 | AE73: =VLOOKUP($C73,[1]量産!$C$4:$N$15550,8,FALSE) -> D | AF73: =VLOOKUP($C73,[1]量産!$C$4:$N$15550,9,FALSE) -> VD1 | AG73: =VLOOKUP($C73,[1]量産!$C$4:$N$15550,10,FALSE) -> ○ | AH73: =VLOOKUP($C73,[1]量産!$C$4:$N$15550,11,FALSE) -> - | AI73: =VLOOKUP($C73,[1]量産!$C$4:$N$15550,12,FALSE) -> - | AL73: =C73 -> 8977942924 | AM73: =B73 -> K | AN73: =E73 -> SOP | AP73: 8972799814 | AQ73: =VLOOKUP(AP73,AL73:AM837,2,FALSE) -> #N/A | AR73: =VLOOKUP(AP73,AL73:AN837,3,FALSE) -> #N/A | BK73: =VLOOKUP(C:C,[2]Sheet2!$A:$A,1,FALSE) -> #N/A
A74: 908 | B74: K | C74: 8977943123 | D74: VK00 NKR | E74: SOP | F74: 1 | G74: VD3 | I74: 2 | J74: 1 | K74: 1 | V74: 4 | W74: FRAME ASM | X74: VK00 | Y74: =VLOOKUP($C74,[1]量産!$C$4:$N$15550,2,FALSE) -> I4JLF57 | Z74: =VLOOKUP($C74,[1]量産!$C$4:$N$15550,3,FALSE) -> 45254 | AA74: =VLOOKUP($C74,[1]量産!$C$4:$N$15550,4,FALSE) -> VK00 NKR | AB74: =VLOOKUP($C74,[1]量産!$C$4:$N$15550,5,FALSE) -> VK00 WCAB | AC74: =VLOOKUP($C74,[1]量産!$C$4:$N$15550,6,FALSE) -> VK00 1X CREW-CAB 700幅 反映設変出図 (内容:CAB MTG部 BOLT変更対応の設変出図) | AD74: =VLOOKUP($C74,[1]量産!$C$4:$N$15550,7,FALSE) -> 未 | AE74: =VLOOKUP($C74,[1]量産!$C$4:$N$15550,8,FALSE) -> D | AF74: =VLOOKUP($C74,[1]量産!$C$4:$N$15550,9,FALSE) -> 0 | AG74: =VLOOKUP($C74,[1]量産!$C$4:$N$15550,10,FALSE) -> ○ | AH74: =VLOOKUP($C74,[1]量産!$C$4:$N$15550,11,FALSE) -> - | AI74: =VLOOKUP($C74,[1]量産!$C$4:$N$15550,12,FALSE) -> - | AL74: =C74 -> 8977943123 | AM74: =B74 -> K | AN74: =E74 -> SOP | AP74: 8975092511 | AQ74: =VLOOKUP(AP74,AL74:AM838,2,FALSE) -> A | AR74: =VLOOKUP(AP74,AL74:AN838,3,FALSE) -> #N/A | BK74: =VLOOKUP(C:C,[2]Sheet2!$A:$A,1,FALSE) -> #N/A
A75: 909 | B75: K | C75: 8977943165 | D75: NKR | E75: SOP | F75: 1 | G75: VB1 | I75: 12 | J75: 4 | K75: 3 | L75: 12 | M75: 10 | N75: 6 | O75: 8 | P75: 4 | Q75: 2 | R75: 4 | S75: 4 | V75: 69 | W75: FRAME ASM | X75: VK00 | Y75: =VLOOKUP($C75,[1]量産!$C$4:$N$15550,2,FALSE) -> I4JJZ45 | Z75: =VLOOKUP($C75,[1]量産!$C$4:$N$15550,3,FALSE) -> 0 | AA75: =VLOOKUP($C75,[1]量産!$C$4:$N$15550,4,FALSE) -> VK00NKR | AB75: =VLOOKUP($C75,[1]量産!$C$4:$N$15550,5,FALSE) -> VK00 1X K/UP | AC75: =VLOOKUP($C75,[1]量産!$C$4:$N$15550,6,FALSE) -> 【I4JKV12】VK00 K/UP DUMP FRAME ASM 設変出図(AAS-LD-12413の恒久設変図面) | AD75: =VLOOKUP($C75,[1]量産!$C$4:$N$15550,7,FALSE) -> PA1-3201 | AE75: =VLOOKUP($C75,[1]量産!$C$4:$N$15550,8,FALSE) -> K | AF75: =VLOOKUP($C75,[1]量産!$C$4:$N$15550,9,FALSE) -> VB1 | AG75: =VLOOKUP($C75,[1]量産!$C$4:$N$15550,10,FALSE) -> ○ | AH75: =VLOOKUP($C75,[1]量産!$C$4:$N$15550,11,FALSE) -> - | AI75: =VLOOKUP($C75,[1]量産!$C$4:$N$15550,12,FALSE) -> - | AL75: =C75 -> 8977943165 | AM75: =B75 -> K | AN75: =E75 -> SOP | AP75: 8978488511 | AQ75: =VLOOKUP(AP75,AL75:AM839,2,FALSE) -> A | AR75: =VLOOKUP(AP75,AL75:AN839,3,FALSE) -> 久しぶり | BK75: =VLOOKUP(C:C,[2]Sheet2!$A:$A,1,FALSE) -> #N/A
A76: 910 | B76: K | C76: 8978767273 | D76: NKR | E76: SOP | F76: 1 | G76: VB2 | I76: 6 | J76: 1 | L76: 1 | M76: 1 | N76: 4 | O76: 4 | P76: 8 | Q76: 5 | R76: 1 | S76: 4 | V76: 35 | W76: FRAME ASM | X76: VK00 | Y76: =VLOOKUP($C76,[1]量産!$C$4:$N$15550,2,FALSE) -> I4JJZ45 | Z76: =VLOOKUP($C76,[1]量産!$C$4:$N$15550,3,FALSE) -> 0 | AA76: =VLOOKUP($C76,[1]量産!$C$4:$N$15550,4,FALSE) -> VK00NKR | AB76: =VLOOKUP($C76,[1]量産!$C$4:$N$15550,5,FALSE) -> VK00 1X K/UP | AC76: =VLOOKUP($C76,[1]量産!$C$4:$N$15550,6,FALSE) -> 【I4JKV12】VK00 K/UP DUMP FRAME ASM 設変出図(AAS-LD-12413の恒久設変図面) | AD76: =VLOOKUP($C76,[1]量産!$C$4:$N$15550,7,FALSE) -> PA1-3201 | AE76: =VLOOKUP($C76,[1]量産!$C$4:$N$15550,8,FALSE) -> K | AF76: =VLOOKUP($C76,[1]量産!$C$4:$N$15550,9,FALSE) -> VB2 | AG76: =VLOOKUP($C76,[1]量産!$C$4:$N$15550,10,FALSE) -> ○ | AH76: =VLOOKUP($C76,[1]量産!$C$4:$N$15550,11,FALSE) -> - | AI76: =VLOOKUP($C76,[1]量産!$C$4:$N$15550,12,FALSE) -> - | AL76: =C76 -> 8978767273 | AM76: =B76 -> K | AN76: =E76 -> SOP | AP76: 8978794743 | AQ76: =VLOOKUP(AP76,AL76:AM840,2,FALSE) -> A | AR76: =VLOOKUP(AP76,AL76:AN840,3,FALSE) -> 久しぶり | BK76: =VLOOKUP(C:C,[2]Sheet2!$A:$A,1,FALSE) -> #N/A
A77: 900 | B77: K | C77: 8974948822 | D77: VL01 NMR | E77: SOP | F77: 1 | G77: VAF | J77: 13 | K77: 2 | L77: 6 | M77: 4 | N77: 4 | O77: 5 | P77: 8 | Q77: 8 | R77: 8 | S77: 6 | T77: 9 | U77: 6 | V77: 79 | W77: FRAME ASM | X77: VL01 | Y77: =VLOOKUP($C77,[1]量産!$C$4:$N$15550,2,FALSE) -> I4JHB53 | Z77: =VLOOKUP($C77,[1]量産!$C$4:$N$15550,3,FALSE) -> 0 | AA77: =VLOOKUP($C77,[1]量産!$C$4:$N$15550,4,FALSE) -> VL01 NMR | AB77: =VLOOKUP($C77,[1]量産!$C$4:$N$15550,5,FALSE) -> 2ND C/M異番化 | AC77: =VLOOKUP($C77,[1]量産!$C$4:$N$15550,6,FALSE) -> 【I4JHB53】2nd C/M 溶接NUT追加 FRAME ASMとW/PAINT図面 | AD77: =VLOOKUP($C77,[1]量産!$C$4:$N$15550,7,FALSE) -> PA1-9200 | AE77: =VLOOKUP($C77,[1]量産!$C$4:$N$15550,8,FALSE) -> K | AF77: =VLOOKUP($C77,[1]量産!$C$4:$N$15550,9,FALSE) -> VAF | AG77: =VLOOKUP($C77,[1]量産!$C$4:$N$15550,10,FALSE) -> ○ | AH77: =VLOOKUP($C77,[1]量産!$C$4:$N$15550,11,FALSE) -> - | AI77: =VLOOKUP($C77,[1]量産!$C$4:$N$15550,12,FALSE) -> - | AL77: =C77 -> 8974948822 | AM77: =B77 -> K | AN77: =E77 -> SOP | AP77: 7552702910 | AQ77: =VLOOKUP(AP77,AL77:AM922,2,FALSE) -> #N/A | AR77: =VLOOKUP(AP77,AL77:AN922,3,FALSE) -> #N/A | BK77: =VLOOKUP(C:C,[2]Sheet2!$A:$A,1,FALSE) -> #N/A
A78: 902 | B78: K | C78: 8975226700 | D78: VL01 NMR | E78: 久しぶり | F78: 1 | G78: VAJ | J78: 1 | S78: 1 | T78: 1 | V78: 3 | W78: FRAME ASM | X78: VL01 | Y78: =VLOOKUP($C78,[1]量産!$C$4:$N$15550,2,FALSE) -> I3JZ346 | Z78: =VLOOKUP($C78,[1]量産!$C$4:$N$15550,3,FALSE) -> 0 | AA78: =VLOOKUP($C78,[1]量産!$C$4:$N$15550,4,FALSE) -> 0 | AB78: =VLOOKUP($C78,[1]量産!$C$4:$N$15550,5,FALSE) -> VL01 C3-Gr SOP | AC78: =VLOOKUP($C78,[1]量産!$C$4:$N$15550,6,FALSE) -> 【I3JZ346】VL01 C3-Gr向け ナロー系 新規出図 | AD78: =VLOOKUP($C78,[1]量産!$C$4:$N$15550,7,FALSE) -> PA1-8115 | AE78: =VLOOKUP($C78,[1]量産!$C$4:$N$15550,8,FALSE) -> K | AF78: =VLOOKUP($C78,[1]量産!$C$4:$N$15550,9,FALSE) -> VAJ | AG78: =VLOOKUP($C78,[1]量産!$C$4:$N$15550,10,FALSE) -> ○ | AH78: =VLOOKUP($C78,[1]量産!$C$4:$N$15550,11,FALSE) -> - | AI78: =VLOOKUP($C78,[1]量産!$C$4:$N$15550,12,FALSE) -> - | AL78: =C78 -> 8975226700 | AM78: =B78 -> K | AN78: =E78 -> 久しぶり | AP78: 7552702920 | AQ78: =VLOOKUP(AP78,AL78:AM923,2,FALSE) -> #N/A | AR78: =VLOOKUP(AP78,AL78:AN923,3,FALSE) -> #N/A | BK78: =VLOOKUP(C:C,[2]Sheet2!$A:$A,1,FALSE) -> #N/A
A79: 899 | B79: K | C79: 7551909081 | D79: VK00 NKR | E79: #N/A | F79: 1 | G79: VD7 | J79: 2 | V79: 2 | W79: FRAME ASM | X79: VK00 | Y79: =VLOOKUP($C79,[1]量産!$C$4:$N$15550,2,FALSE) -> I4JLF57 | Z79: =VLOOKUP($C79,[1]量産!$C$4:$N$15550,3,FALSE) -> 45254 | AA79: =VLOOKUP($C79,[1]量産!$C$4:$N$15550,4,FALSE) -> VK00 NKR | AB79: =VLOOKUP($C79,[1]量産!$C$4:$N$15550,5,FALSE) -> VK00 WCAB | AC79: =VLOOKUP($C79,[1]量産!$C$4:$N$15550,6,FALSE) -> VK00 1X CREW-CAB 700幅 反映設変出図 (内容:CAB MTG部 BOLT変更対応の設変出図) | AD79: =VLOOKUP($C79,[1]量産!$C$4:$N$15550,7,FALSE) -> 未 | AE79: =VLOOKUP($C79,[1]量産!$C$4:$N$15550,8,FALSE) -> D | AF79: =VLOOKUP($C79,[1]量産!$C$4:$N$15550,9,FALSE) -> 0 | AG79: =VLOOKUP($C79,[1]量産!$C$4:$N$15550,10,FALSE) -> ○ | AH79: =VLOOKUP($C79,[1]量産!$C$4:$N$15550,11,FALSE) -> - | AI79: =VLOOKUP($C79,[1]量産!$C$4:$N$15550,12,FALSE) -> - | AL79: =C79 -> 7551909081 | AM79: =B79 -> K | AN79: =E79 -> #N/A | AP79: 7552702980 | AQ79: =VLOOKUP(AP79,AL79:AM924,2,FALSE) -> #N/A | AR79: =VLOOKUP(AP79,AL79:AN924,3,FALSE) -> #N/A | BK79: =VLOOKUP(C:C,[2]Sheet2!$A:$A,1,FALSE) -> #N/A
A80: 901 | B80: K | C80: 8975092520 | D80: VL05 NMR | E80: #N/A | F80: 1 | G80: VAL | J80: 1 | K80: 2 | L80: 4 | V80: 7 | W80: FRAME ASM | X80: VL01 | Y80: =VLOOKUP($C80,[1]量産!$C$4:$N$15550,2,FALSE) -> I3JZ346 | Z80: =VLOOKUP($C80,[1]量産!$C$4:$N$15550,3,FALSE) -> 0 | AA80: =VLOOKUP($C80,[1]量産!$C$4:$N$15550,4,FALSE) -> 0 | AB80: =VLOOKUP($C80,[1]量産!$C$4:$N$15550,5,FALSE) -> VL01 C3-Gr SOP | AC80: =VLOOKUP($C80,[1]量産!$C$4:$N$15550,6,FALSE) -> 【I3JZ346】VL01 C3-Gr向け ナロー系 新規出図 | AD80: =VLOOKUP($C80,[1]量産!$C$4:$N$15550,7,FALSE) -> PA1-2249 | AE80: =VLOOKUP($C80,[1]量産!$C$4:$N$15550,8,FALSE) -> K | AF80: =VLOOKUP($C80,[1]量産!$C$4:$N$15550,9,FALSE) -> VAL | AG80: =VLOOKUP($C80,[1]量産!$C$4:$N$15550,10,FALSE) -> ○ | AH80: =VLOOKUP($C80,[1]量産!$C$4:$N$15550,11,FALSE) -> - | AI80: =VLOOKUP($C80,[1]量産!$C$4:$N$15550,12,FALSE) -> - | AL80: =C80 -> 8975092520 | AM80: =B80 -> K | AN80: =E80 -> #N/A | AP80: 7552702990 | AQ80: =VLOOKUP(AP80,AL80:AM925,2,FALSE) -> #N/A | AR80: =VLOOKUP(AP80,AL80:AN925,3,FALSE) -> #N/A | BK80: =VLOOKUP(C:C,[2]Sheet2!$A:$A,1,FALSE) -> #N/A
A81: 904 | B81: K | C81: 8975509420 | D81: VL04 NMR | E81: #N/A | F81: 1 | G81: VAN | J81: 1 | K81: 1 | L81: 3 | M81: 3 | N81: 2 | O81: 2 | P81: 1 | Q81: 1 | S81: 1 | T81: 1 | V81: 16 | W81: FRAME ASM | X81: VL04 | Y81: =VLOOKUP($C81,[1]量産!$C$4:$N$15550,2,FALSE) -> I3JAE65 | Z81: =VLOOKUP($C81,[1]量産!$C$4:$N$15550,3,FALSE) -> 0 | AA81: =VLOOKUP($C81,[1]量産!$C$4:$N$15550,4,FALSE) -> VL04 NMR | AB81: =VLOOKUP($C81,[1]量産!$C$4:$N$15550,5,FALSE) -> VL04 A-Gr | AC81: =VLOOKUP($C81,[1]量産!$C$4:$N$15550,6,FALSE) -> 【I3JAE65】スリランカ向けK-UP VDS新規出図 | AD81: =VLOOKUP($C81,[1]量産!$C$4:$N$15550,7,FALSE) -> PA1-0001 | AE81: =VLOOKUP($C81,[1]量産!$C$4:$N$15550,8,FALSE) -> K | AF81: =VLOOKUP($C81,[1]量産!$C$4:$N$15550,9,FALSE) -> VAN | AG81: =VLOOKUP($C81,[1]量産!$C$4:$N$15550,10,FALSE) -> ○ | AH81: =VLOOKUP($C81,[1]量産!$C$4:$N$15550,11,FALSE) -> - | AI81: =VLOOKUP($C81,[1]量産!$C$4:$N$15550,12,FALSE) -> - | AL81: =C81 -> 8975509420 | AM81: =B81 -> K | AN81: =E81 -> #N/A | AP81: 7551885952 | AQ81: =VLOOKUP(AP81,AL81:AM926,2,FALSE) -> A | AR81: =VLOOKUP(AP81,AL81:AN926,3,FALSE) -> VK00 3X 750幅 FRAME ASM 設変出図(サ変、NUT,RIVETの変更) ※AAS-LD-12565 | BK81: =VLOOKUP(C:C,[2]Sheet2!$A:$A,1,FALSE) -> #N/A
A82: 905 | B82: K | C82: 8976486651 | D82: VL20 NMR | E82: #N/A | F82: 1 | G82: VAP | J82: 3 | V82: 3 | W82: FRAME ASM | X82: VL20 | Y82: =VLOOKUP($C82,[1]量産!$C$4:$N$15550,2,FALSE) -> I4JHK16 | Z82: =VLOOKUP($C82,[1]量産!$C$4:$N$15550,3,FALSE) -> 0 | AA82: =VLOOKUP($C82,[1]量産!$C$4:$N$15550,4,FALSE) -> VL20 NMR | AB82: =VLOOKUP($C82,[1]量産!$C$4:$N$15550,5,FALSE) -> VL20 D4-Gr | AC82: =VLOOKUP($C82,[1]量産!$C$4:$N$15550,6,FALSE) -> 【I4JHK16】VL20 D4-Gr NMR FRAME SOP向け設変出図 | AD82: =VLOOKUP($C82,[1]量産!$C$4:$N$15550,7,FALSE) -> PA1-1163 | AE82: =VLOOKUP($C82,[1]量産!$C$4:$N$15550,8,FALSE) -> K | AF82: =VLOOKUP($C82,[1]量産!$C$4:$N$15550,9,FALSE) -> VAP | AG82: =VLOOKUP($C82,[1]量産!$C$4:$N$15550,10,FALSE) -> ○ | AH82: =VLOOKUP($C82,[1]量産!$C$4:$N$15550,11,FALSE) -> - | AI82: =VLOOKUP($C82,[1]量産!$C$4:$N$15550,12,FALSE) -> - | AL82: =C82 -> 8976486651 | AM82: =B82 -> K | AN82: =E82 -> #N/A | AP82: 7552296092 | AQ82: =VLOOKUP(AP82,AL82:AM927,2,FALSE) -> #N/A | AR82: =VLOOKUP(AP82,AL82:AN927,3,FALSE) -> #N/A | BK82: =VLOOKUP(C:C,[2]Sheet2!$A:$A,1,FALSE) -> #N/A
A83: 911 | B83: K | C83: 8983867601 | D83: VL01 NMR | E83: #N/A | F83: 1 | G83: 1VAD | J83: 1 | K83: 1 | L83: 2 | M83: 2 | N83: 1 | V83: 7 | W83: FRAME ASM | X83: VL01 N | Y83: =VLOOKUP($C83,[1]量産!$C$4:$N$15550,2,FALSE) -> I4JGW77 | Z83: =VLOOKUP($C83,[1]量産!$C$4:$N$15550,3,FALSE) -> 0 | AA83: =VLOOKUP($C83,[1]量産!$C$4:$N$15550,4,FALSE) -> VL01 NMR | AB83: =VLOOKUP($C83,[1]量産!$C$4:$N$15550,5,FALSE) -> VL01 F3-Gr | AC83: =VLOOKUP($C83,[1]量産!$C$4:$N$15550,6,FALSE) -> 【I4JGW77】VL01 C3/F3-Gr 量産向け設変出図 AAS-LD-6924の恒久設変 | AD83: =VLOOKUP($C83,[1]量産!$C$4:$N$15550,7,FALSE) -> PA1-9075 | AE83: =VLOOKUP($C83,[1]量産!$C$4:$N$15550,8,FALSE) -> A | AF83: =VLOOKUP($C83,[1]量産!$C$4:$N$15550,9,FALSE) -> 1VAD | AG83: =VLOOKUP($C83,[1]量産!$C$4:$N$15550,10,FALSE) -> ○ | AH83: =VLOOKUP($C83,[1]量産!$C$4:$N$15550,11,FALSE) -> 20190418 | AI83: =VLOOKUP($C83,[1]量産!$C$4:$N$15550,12,FALSE) -> 20190418 | AL83: =C83 -> 8983867601 | AM83: =B83 -> K | AN83: =E83 -> #N/A | AP83: 7552296122 | AQ83: =VLOOKUP(AP83,AL83:AM928,2,FALSE) -> #N/A | AR83: =VLOOKUP(AP83,AL83:AN928,3,FALSE) -> #N/A | BK83: =VLOOKUP(C:C,[2]Sheet2!$A:$A,1,FALSE) -> #N/A
A84: 903 | B84: K | C84: 8975226710 | D84: VL01 NMR | E84: SOP | F84: 1 | G84: VAK | O84: 1 | P84: 2 | Q84: 2 | R84: 2 | S84: 2 | T84: 2 | U84: 1 | V84: 12 | W84: FRAME ASM | X84: VL01 | Y84: =VLOOKUP($C84,[1]量産!$C$4:$N$15550,2,FALSE) -> I3JZ346 | Z84: =VLOOKUP($C84,[1]量産!$C$4:$N$15550,3,FALSE) -> 0 | AA84: =VLOOKUP($C84,[1]量産!$C$4:$N$15550,4,FALSE) -> 0 | AB84: =VLOOKUP($C84,[1]量産!$C$4:$N$15550,5,FALSE) -> VL01 C3-Gr SOP | AC84: =VLOOKUP($C84,[1]量産!$C$4:$N$15550,6,FALSE) -> 【I3JZ346】VL01 C3-Gr向け ナロー系 新規出図 | AD84: =VLOOKUP($C84,[1]量産!$C$4:$N$15550,7,FALSE) -> PA1-9205 | AE84: =VLOOKUP($C84,[1]量産!$C$4:$N$15550,8,FALSE) -> K | AF84: =VLOOKUP($C84,[1]量産!$C$4:$N$15550,9,FALSE) -> VAK | AG84: =VLOOKUP($C84,[1]量産!$C$4:$N$15550,10,FALSE) -> ○ | AH84: =VLOOKUP($C84,[1]量産!$C$4:$N$15550,11,FALSE) -> - | AI84: =VLOOKUP($C84,[1]量産!$C$4:$N$15550,12,FALSE) -> - | AL84: =C84 -> 8975226710 | AM84: =B84 -> K | AN84: =E84 -> SOP | AP84: 8972681154 | AQ84: =VLOOKUP(AP84,AL84:AM929,2,FALSE) -> A | AR84: =VLOOKUP(AP84,AL84:AN929,3,FALSE) -> VK04 A1-GR 4*4 量産向け設変出図 | BK84: =VLOOKUP(C:C,[2]Sheet2!$A:$A,1,FALSE) -> #N/A
A85: 61 | B85: 115 | C85: 8972799561 | D85: VK00 NKR | E85: I3JAR72 | F85: 1 | G85: 2DBB | I85: 3 | J85: 2 | M85: 1 | P85: 1 | Q85: 3 | R85: 4 | T85: 2 | U85: 4 | V85: 20 | W85: FRAME ASM | X85: VK00 | Y85: =VLOOKUP($C85,[1]量産!$C$4:$N$15550,2,FALSE) -> I4JKU91 | Z85: =VLOOKUP($C85,[1]量産!$C$4:$N$15550,3,FALSE) -> 45093 | AA85: =VLOOKUP($C85,[1]量産!$C$4:$N$15550,4,FALSE) -> VK00 NKR | AB85: =VLOOKUP($C85,[1]量産!$C$4:$N$15550,5,FALSE) -> VK00 1X軽量 | AC85: =VLOOKUP($C85,[1]量産!$C$4:$N$15550,6,FALSE) -> 【I4JKU91】VK00 700幅FRAME 設変出図(サ変：3JCE66 GUSSET亀裂対策反映に伴う) | AD85: =VLOOKUP($C85,[1]量産!$C$4:$N$15550,7,FALSE) -> 未 | AE85: =VLOOKUP($C85,[1]量産!$C$4:$N$15550,8,FALSE) -> D | AF85: =VLOOKUP($C85,[1]量産!$C$4:$N$15550,9,FALSE) -> 2DBB | AG85: =VLOOKUP($C85,[1]量産!$C$4:$N$15550,10,FALSE) -> ○ | AH85: =VLOOKUP($C85,[1]量産!$C$4:$N$15550,11,FALSE) -> - | AI85: =VLOOKUP($C85,[1]量産!$C$4:$N$15550,12,FALSE) -> - | AL85: =C85 -> 8972799561 | AM85: =B85 -> 115 | AN85: =E85 -> I3JAR72 | AP85: 8978767162 | AQ85: =VLOOKUP(AP85,AL85:AM930,2,FALSE) -> #N/A | AR85: =VLOOKUP(AP85,AL85:AN930,3,FALSE) -> #N/A | BK85: =VLOOKUP(C:C,[2]Sheet2!$A:$A,1,FALSE) -> #N/A
A86: 68 | B86: 115 | C86: 8972799690 | D86: VK00 NMR | E86: VK04 A1-GR 1生向け設変出図 | F86: 1 | G86: FAK | I86: 2 | J86: 2 | K86: 2 | L86: 4 | O86: 1 | P86: 1 | Q86: 2 | R86: 3 | S86: 7 | T86: 2 | V86: 26 | W86: FRAME ASM | X86: VK00 | Y86: =VLOOKUP($C86,[1]量産!$C$4:$N$15550,2,FALSE) -> I3JBZ29 | Z86: =VLOOKUP($C86,[1]量産!$C$4:$N$15550,3,FALSE) -> 0 | AA86: =VLOOKUP($C86,[1]量産!$C$4:$N$15550,4,FALSE) -> VK00NMR | AB86: =VLOOKUP($C86,[1]量産!$C$4:$N$15550,5,FALSE) -> VK00 2X 軽量 | AC86: =VLOOKUP($C86,[1]量産!$C$4:$N$15550,6,FALSE) -> 【I3JBZ29】VK00 2X 一生-2、セラブル生試 700幅 FRAME ASM 新規出図 | AD86: =VLOOKUP($C86,[1]量産!$C$4:$N$15550,7,FALSE) -> 未 | AE86: =VLOOKUP($C86,[1]量産!$C$4:$N$15550,8,FALSE) -> D | AF86: =VLOOKUP($C86,[1]量産!$C$4:$N$15550,9,FALSE) -> FAK | AG86: =VLOOKUP($C86,[1]量産!$C$4:$N$15550,10,FALSE) -> ○ | AH86: =VLOOKUP($C86,[1]量産!$C$4:$N$15550,11,FALSE) -> - | AI86: =VLOOKUP($C86,[1]量産!$C$4:$N$15550,12,FALSE) -> - | AL86: =C86 -> 8972799690 | AM86: =B86 -> 115 | AN86: =E86 -> VK04 A1-GR 1生向け設変出図 | AQ86: =VLOOKUP(AP86,AL86:AM931,2,FALSE) -> 0 | AR86: =VLOOKUP(AP86,AL86:AN931,3,FALSE) -> 0 | BK86: =VLOOKUP(C:C,[2]Sheet2!$A:$A,1,FALSE) -> #N/A
A87: 80 | B87: 115 | C87: 8977940233 | D87: VK00 NMR | E87: VK04 A1-GR 1生向け設変出図 | F87: 1 | G87: 2DBH | I87: 4 | J87: 4 | K87: 2 | L87: 1 | M87: 1 | P87: 1 | Q87: 1 | V87: 14 | W87: FRAME ASM | X87: VK00 | Y87: =VLOOKUP($C87,[1]量産!$C$4:$N$15550,2,FALSE) -> I4JKU91 | Z87: =VLOOKUP($C87,[1]量産!$C$4:$N$15550,3,FALSE) -> 45093 | AA87: =VLOOKUP($C87,[1]量産!$C$4:$N$15550,4,FALSE) -> VK00 NMR | AB87: =VLOOKUP($C87,[1]量産!$C$4:$N$15550,5,FALSE) -> VK00 2X軽量 | AC87: =VLOOKUP($C87,[1]量産!$C$4:$N$15550,6,FALSE) -> 【I4JKU91】VK00 700幅FRAME 設変出図(サ変：3JCE66 GUSSET亀裂対策反映に伴う) | AD87: =VLOOKUP($C87,[1]量産!$C$4:$N$15550,7,FALSE) -> 未 | AE87: =VLOOKUP($C87,[1]量産!$C$4:$N$15550,8,FALSE) -> D | AF87: =VLOOKUP($C87,[1]量産!$C$4:$N$15550,9,FALSE) -> 2DBH | AG87: =VLOOKUP($C87,[1]量産!$C$4:$N$15550,10,FALSE) -> ○ | AH87: =VLOOKUP($C87,[1]量産!$C$4:$N$15550,11,FALSE) -> - | AI87: =VLOOKUP($C87,[1]量産!$C$4:$N$15550,12,FALSE) -> - | AL87: =C87 -> 8977940233 | AM87: =B87 -> 115 | AN87: =E87 -> VK04 A1-GR 1生向け設変出図 | AQ87: =VLOOKUP(AP87,AL87:AM932,2,FALSE) -> 0 | AR87: =VLOOKUP(AP87,AL87:AN932,3,FALSE) -> 0 | BK87: =VLOOKUP(C:C,[2]Sheet2!$A:$A,1,FALSE) -> #N/A
A88: 78 | B88: 115 | C88: 8977940205 | D88: VK00 NKR | E88: I4K7224VK04 A1-GR SOP向け設変出図 | F88: 1 | G88: 2DAB | I88: 12 | J88: 13 | K88: 8 | L88: 11 | M88: 13 | N88: 20 | O88: 12 | P88: 10 | Q88: 16 | R88: 17 | S88: 20 | T88: 18 | U88: 7 | V88: 177 | W88: FRAME ASM | X88: VK00 | Y88: =VLOOKUP($C88,[1]量産!$C$4:$N$15550,2,FALSE) -> I4JKU91 | Z88: =VLOOKUP($C88,[1]量産!$C$4:$N$15550,3,FALSE) -> 45093 | AA88: =VLOOKUP($C88,[1]量産!$C$4:$N$15550,4,FALSE) -> VK00 NKR | AB88: =VLOOKUP($C88,[1]量産!$C$4:$N$15550,5,FALSE) -> VK00 1X軽量 | AC88: =VLOOKUP($C88,[1]量産!$C$4:$N$15550,6,FALSE) -> 【I4JKU91】VK00 700幅FRAME 設変出図(サ変：3JCE66 GUSSET亀裂対策反映に伴う) | AD88: =VLOOKUP($C88,[1]量産!$C$4:$N$15550,7,FALSE) -> 未 | AE88: =VLOOKUP($C88,[1]量産!$C$4:$N$15550,8,FALSE) -> D | AF88: =VLOOKUP($C88,[1]量産!$C$4:$N$15550,9,FALSE) -> 2DAB | AG88: =VLOOKUP($C88,[1]量産!$C$4:$N$15550,10,FALSE) -> ○ | AH88: =VLOOKUP($C88,[1]量産!$C$4:$N$15550,11,FALSE) -> - | AI88: =VLOOKUP($C88,[1]量産!$C$4:$N$15550,12,FALSE) -> - | AL88: =C88 -> 8977940205 | AM88: =B88 -> 115 | AN88: =E88 -> I4K7224VK04 A1-GR SOP向け設変出図 | AQ88: =VLOOKUP(AP88,AL88:AM933,2,FALSE) -> 0 | AR88: =VLOOKUP(AP88,AL88:AN933,3,FALSE) -> 0 | BK88: =VLOOKUP(C:C,[2]Sheet2!$A:$A,1,FALSE) -> #N/A
A89: 63 | B89: 115 | C89: 8972799591 | D89: VK00 NMR | E89: VK00 2X 軽量 | F89: 1 | G89: 2DBG | I89: 1 | J89: 5 | K89: 4 | L89: 14 | M89: 5 | N89: 4 | O89: 2 | P89: 6 | Q89: 3 | R89: 6 | S89: 1 | T89: 4 | U89: 1 | V89: 56 | W89: FRAME ASM | X89: VK00 | Y89: =VLOOKUP($C89,[1]量産!$C$4:$N$15550,2,FALSE) -> I4JKU91 | Z89: =VLOOKUP($C89,[1]量産!$C$4:$N$15550,3,FALSE) -> 45093 | AA89: =VLOOKUP($C89,[1]量産!$C$4:$N$15550,4,FALSE) -> VK00 NMR | AB89: =VLOOKUP($C89,[1]量産!$C$4:$N$15550,5,FALSE) -> VK00 2X軽量 | AC89: =VLOOKUP($C89,[1]量産!$C$4:$N$15550,6,FALSE) -> 【I4JKU91】VK00 700幅FRAME 設変出図(サ変：3JCE66 GUSSET亀裂対策反映に伴う) | AD89: =VLOOKUP($C89,[1]量産!$C$4:$N$15550,7,FALSE) -> 未 | AE89: =VLOOKUP($C89,[1]量産!$C$4:$N$15550,8,FALSE) -> D | AF89: =VLOOKUP($C89,[1]量産!$C$4:$N$15550,9,FALSE) -> 2DBG | AG89: =VLOOKUP($C89,[1]量産!$C$4:$N$15550,10,FALSE) -> ○ | AH89: =VLOOKUP($C89,[1]量産!$C$4:$N$15550,11,FALSE) -> - | AI89: =VLOOKUP($C89,[1]量産!$C$4:$N$15550,12,FALSE) -> - | AL89: =C89 -> 8972799591 | AM89: =B89 -> 115 | AN89: =E89 -> VK00 2X 軽量 | AQ89: =VLOOKUP(AP89,AL89:AM934,2,FALSE) -> 0 | AR89: =VLOOKUP(AP89,AL89:AN934,3,FALSE) -> 0 | BK89: =VLOOKUP(C:C,[2]Sheet2!$A:$A,1,FALSE) -> #N/A
A90: 79 | B90: 115 | C90: 8977940224 | D90: VK00 NMR | E90: VK00 2X 軽量 | F90: 1 | G90: 2DAJ | I90: 5 | J90: 9 | K90: 10 | L90: 34 | M90: 23 | N90: 34 | O90: 32 | P90: 38 | Q90: 38 | R90: 25 | S90: 13 | T90: 7 | U90: 3 | V90: 271 | W90: FRAME ASM | X90: VK00 | Y90: =VLOOKUP($C90,[1]量産!$C$4:$N$15550,2,FALSE) -> I4JKU91 | Z90: =VLOOKUP($C90,[1]量産!$C$4:$N$15550,3,FALSE) -> 45093 | AA90: =VLOOKUP($C90,[1]量産!$C$4:$N$15550,4,FALSE) -> VK00 NMR | AB90: =VLOOKUP($C90,[1]量産!$C$4:$N$15550,5,FALSE) -> VK00 2X軽量 | AC90: =VLOOKUP($C90,[1]量産!$C$4:$N$15550,6,FALSE) -> 【I4JKU91】VK00 700幅FRAME 設変出図(サ変：3JCE66 GUSSET亀裂対策反映に伴う) | AD90: =VLOOKUP($C90,[1]量産!$C$4:$N$15550,7,FALSE) -> 未 | AE90: =VLOOKUP($C90,[1]量産!$C$4:$N$15550,8,FALSE) -> D | AF90: =VLOOKUP($C90,[1]量産!$C$4:$N$15550,9,FALSE) -> 2DAJ | AG90: =VLOOKUP($C90,[1]量産!$C$4:$N$15550,10,FALSE) -> ○ | AH90: =VLOOKUP($C90,[1]量産!$C$4:$N$15550,11,FALSE) -> - | AI90: =VLOOKUP($C90,[1]量産!$C$4:$N$15550,12,FALSE) -> - | AL90: =C90 -> 8977940224 | AM90: =B90 -> 115 | AN90: =E90 -> VK00 2X 軽量 | AP90: 7552701660 | AQ90: =VLOOKUP(AP90,AL6:AM868,2,FALSE) -> #N/A | AR90: =VLOOKUP(AP90,AL6:AN868,3,FALSE) -> #N/A | BK90: =VLOOKUP(C:C,[2]Sheet2!$A:$A,1,FALSE) -> #N/A
A91: 95 | B91: 115 | C91: 8978470413 | D91: VK00 NMR | E91: VK00 2X 軽量 | F91: 1 | G91: FAN | I91: 1 | K91: 1 | L91: 1 | M91: 3 | N91: 1 | O91: 2 | P91: 1 | Q91: 2 | R91: 1 | S91: 1 | T91: 1 | V91: 15 | W91: FRAME ASM | X91: VK00 | Y91: =VLOOKUP($C91,[1]量産!$C$4:$N$15550,2,FALSE) -> I4JKG65 | Z91: =VLOOKUP($C91,[1]量産!$C$4:$N$15550,3,FALSE) -> 0 | AA91: =VLOOKUP($C91,[1]量産!$C$4:$N$15550,4,FALSE) -> VK00 NMR | AB91: =VLOOKUP($C91,[1]量産!$C$4:$N$15550,5,FALSE) -> VK00 2X 軽量 | AC91: =VLOOKUP($C91,[1]量産!$C$4:$N$15550,6,FALSE) -> 【I4JKG65】VK00 2X 700幅 FRAME 先行量産向け設変出図 | AD91: =VLOOKUP($C91,[1]量産!$C$4:$N$15550,7,FALSE) -> 未 | AE91: =VLOOKUP($C91,[1]量産!$C$4:$N$15550,8,FALSE) -> D | AF91: =VLOOKUP($C91,[1]量産!$C$4:$N$15550,9,FALSE) -> FAN | AG91: =VLOOKUP($C91,[1]量産!$C$4:$N$15550,10,FALSE) -> ○ | AH91: =VLOOKUP($C91,[1]量産!$C$4:$N$15550,11,FALSE) -> - | AI91: =VLOOKUP($C91,[1]量産!$C$4:$N$15550,12,FALSE) -> - | AL91: =C91 -> 8978470413 | AM91: =B91 -> 115 | AN91: =E91 -> VK00 2X 軽量 | AP91: 7552165933 | AQ91: =VLOOKUP(AP91,AL91:AM851,2,FALSE) -> C | AR91: =VLOOKUP(AP91,AL91:AN851,3,FALSE) -> VK00 B1-Gr | BK91: =VLOOKUP(C:C,[2]Sheet2!$A:$A,1,FALSE) -> #N/A
A92: 85 | B92: 115 | C92: 8978362084 | D92: VK00 NKR | E92: VK00 E1-Gr SOP | F92: 1 | G92: 1DAE | I92: 26 | J92: 12 | K92: 6 | L92: 21 | M92: 24 | N92: 30 | O92: 6 | P92: 12 | Q92: 21 | R92: 26 | S92: 10 | T92: 11 | U92: 25 | V92: 230 | W92: FRAME ASM | X92: VK00 | Y92: =VLOOKUP($C92,[1]量産!$C$4:$N$15550,2,FALSE) -> I4K5078 | Z92: =VLOOKUP($C92,[1]量産!$C$4:$N$15550,3,FALSE) -> 45428 | AA92: =VLOOKUP($C92,[1]量産!$C$4:$N$15550,4,FALSE) -> VK00 NKR | AB92: =VLOOKUP($C92,[1]量産!$C$4:$N$15550,5,FALSE) -> VK00 E1-GR 700幅 | AC92: =VLOOKUP($C92,[1]量産!$C$4:$N$15550,6,FALSE) -> VK00 E1-GR 700幅 SOP向け FRAME ASM 設変出図(内容:S/MBR の設計変更) | AD92: =VLOOKUP($C92,[1]量産!$C$4:$N$15550,7,FALSE) -> PA1-4071 | AE92: =VLOOKUP($C92,[1]量産!$C$4:$N$15550,8,FALSE) -> D | AF92: =VLOOKUP($C92,[1]量産!$C$4:$N$15550,9,FALSE) -> 1DAE | AG92: =VLOOKUP($C92,[1]量産!$C$4:$N$15550,10,FALSE) -> ○ | AH92: =VLOOKUP($C92,[1]量産!$C$4:$N$15550,11,FALSE) -> - | AI92: =VLOOKUP($C92,[1]量産!$C$4:$N$15550,12,FALSE) -> - | AL92: =C92 -> 8978362084 | AM92: =B92 -> 115 | AN92: =E92 -> VK00 E1-Gr SOP | AP92: 7552227682 | AQ92: =VLOOKUP(AP92,AL92:AM852,2,FALSE) -> C | AR92: =VLOOKUP(AP92,AL92:AN852,3,FALSE) -> #N/A | BK92: =VLOOKUP(C:C,[2]Sheet2!$A:$A,1,FALSE) -> #N/A
A93: 87 | B93: 115 | C93: 8978362135 | D93: VK00 NKR | E93: VK00 E1-Gr SOP | F93: 1 | G93: 3DAM | I93: 23 | J93: 10 | K93: 6 | L93: 15 | M93: 25 | N93: 11 | O93: 23 | P93: 38 | Q93: 36 | R93: 27 | S93: 33 | T93: 40 | U93: 20 | V93: 307 | W93: FRAME ASM | X93: VK00 | Y93: =VLOOKUP($C93,[1]量産!$C$4:$N$15550,2,FALSE) -> I4K5078 | Z93: =VLOOKUP($C93,[1]量産!$C$4:$N$15550,3,FALSE) -> 45428 | AA93: =VLOOKUP($C93,[1]量産!$C$4:$N$15550,4,FALSE) -> VK00 NKR | AB93: =VLOOKUP($C93,[1]量産!$C$4:$N$15550,5,FALSE) -> VK00 E1-GR 700幅 | AC93: =VLOOKUP($C93,[1]量産!$C$4:$N$15550,6,FALSE) -> VK00 E1-GR 700幅 SOP向け FRAME ASM 設変出図(内容:S/MBR の設計変更) | AD93: =VLOOKUP($C93,[1]量産!$C$4:$N$15550,7,FALSE) -> PA1-4071 | AE93: =VLOOKUP($C93,[1]量産!$C$4:$N$15550,8,FALSE) -> D | AF93: =VLOOKUP($C93,[1]量産!$C$4:$N$15550,9,FALSE) -> 3DAM | AG93: =VLOOKUP($C93,[1]量産!$C$4:$N$15550,10,FALSE) -> ○ | AH93: =VLOOKUP($C93,[1]量産!$C$4:$N$15550,11,FALSE) -> - | AI93: =VLOOKUP($C93,[1]量産!$C$4:$N$15550,12,FALSE) -> - | AL93: =C93 -> 8978362135 | AM93: =B93 -> 115 | AN93: =E93 -> VK00 E1-Gr SOP | AP93: 8972760043 | AQ93: =VLOOKUP(AP93,AL93:AM855,2,FALSE) -> #N/A | AR93: =VLOOKUP(AP93,AL93:AN855,3,FALSE) -> #N/A | BK93: =VLOOKUP(C:C,[2]Sheet2!$A:$A,1,FALSE) -> #N/A
A94: 96 | B94: 115 | C94: 8978739394 | D94: VK00 NKR | E94: VK00 E1-Gr SOP | F94: 1 | G94: 1DAG | I94: 4 | J94: 8 | K94: 2 | L94: 5 | M94: 4 | N94: 8 | O94: 1 | P94: 2 | Q94: 5 | R94: 5 | T94: 1 | U94: 3 | V94: 48 | W94: FRAME ASM | X94: VK00 | Y94: =VLOOKUP($C94,[1]量産!$C$4:$N$15550,2,FALSE) -> I4K5078 | Z94: =VLOOKUP($C94,[1]量産!$C$4:$N$15550,3,FALSE) -> 45428 | AA94: =VLOOKUP($C94,[1]量産!$C$4:$N$15550,4,FALSE) -> VK00 NKR | AB94: =VLOOKUP($C94,[1]量産!$C$4:$N$15550,5,FALSE) -> VK00 E1-GR 700幅 | AC94: =VLOOKUP($C94,[1]量産!$C$4:$N$15550,6,FALSE) -> VK00 E1-GR 700幅 SOP向け FRAME ASM 設変出図(内容:S/MBR の設計変更) | AD94: =VLOOKUP($C94,[1]量産!$C$4:$N$15550,7,FALSE) -> PA1-4071 | AE94: =VLOOKUP($C94,[1]量産!$C$4:$N$15550,8,FALSE) -> D | AF94: =VLOOKUP($C94,[1]量産!$C$4:$N$15550,9,FALSE) -> 1DAG | AG94: =VLOOKUP($C94,[1]量産!$C$4:$N$15550,10,FALSE) -> 未 | AH94: =VLOOKUP($C94,[1]量産!$C$4:$N$15550,11,FALSE) -> - | AI94: =VLOOKUP($C94,[1]量産!$C$4:$N$15550,12,FALSE) -> - | AL94: =C94 -> 8978739394 | AM94: =B94 -> 115 | AN94: =E94 -> VK00 E1-Gr SOP | AP94: 7552701390 | AQ94: =VLOOKUP(AP94,AL94:AM856,2,FALSE) -> #N/A | AR94: =VLOOKUP(AP94,AL94:AN856,3,FALSE) -> #N/A | BK94: =VLOOKUP(C:C,[2]Sheet2!$A:$A,1,FALSE) -> #N/A
A95: 84 | B95: 115 | C95: 8978362074 | D95: VK04 NKR | E95: VK00 SOP 技術再立会 | F95: 1 | G95: DAD | I95: 2 | J95: 4 | K95: 1 | L95: 1 | O95: 1 | P95: 1 | Q95: 1 | V95: 11 | W95: FRAME ASM | X95: VK04 | Y95: =VLOOKUP($C95,[1]量産!$C$4:$N$15550,2,FALSE) -> I4JLF98 | Z95: =VLOOKUP($C95,[1]量産!$C$4:$N$15550,3,FALSE) -> 45239 | AA95: =VLOOKUP($C95,[1]量産!$C$4:$N$15550,4,FALSE) -> VK04 NKR | AB95: =VLOOKUP($C95,[1]量産!$C$4:$N$15550,5,FALSE) -> VK04 700幅 | AC95: =VLOOKUP($C95,[1]量産!$C$4:$N$15550,6,FALSE) -> VK04 A GR 1X 700幅 K研向け 軽量FRAME BRKTCREW CAB MTG 最新化設変出図(内容:BRKT W-CAB MTG RH/LH変更,他内容部品の最新化) | AD95: =VLOOKUP($C95,[1]量産!$C$4:$N$15550,7,FALSE) -> PA1-5025 | AE95: =VLOOKUP($C95,[1]量産!$C$4:$N$15550,8,FALSE) -> D | AF95: =VLOOKUP($C95,[1]量産!$C$4:$N$15550,9,FALSE) -> DAD | AG95: =VLOOKUP($C95,[1]量産!$C$4:$N$15550,10,FALSE) -> 未 | AH95: =VLOOKUP($C95,[1]量産!$C$4:$N$15550,11,FALSE) -> - | AI95: =VLOOKUP($C95,[1]量産!$C$4:$N$15550,12,FALSE) -> - | AL95: =C95 -> 8978362074 | AM95: =B95 -> 115 | AN95: =E95 -> VK00 SOP 技術再立会 | AP95: 7552701620 | AQ95: =VLOOKUP(AP95,AL478:AM841,2,FALSE) -> #N/A | AR95: =VLOOKUP(AP95,AL478:AN841,3,FALSE) -> #N/A | BK95: =VLOOKUP(C:C,[2]Sheet2!$A:$A,1,FALSE) -> #N/A
A96: 58 | B96: 115 | C96: 8972799510 | D96: VK00 NKR | E96: VK00 SOP済 | F96: 1 | G96: DAU | I96: 5 | J96: 2 | K96: 2 | L96: 4 | M96: 4 | N96: 4 | O96: 3 | P96: 2 | Q96: 5 | R96: 5 | V96: 36 | W96: FRAME ASM | X96: VK00 | Y96: =VLOOKUP($C96,[1]量産!$C$4:$N$15550,2,FALSE) -> I3JBY65 | Z96: =VLOOKUP($C96,[1]量産!$C$4:$N$15550,3,FALSE) -> 0 | AA96: =VLOOKUP($C96,[1]量産!$C$4:$N$15550,4,FALSE) -> VK00NKR | AB96: =VLOOKUP($C96,[1]量産!$C$4:$N$15550,5,FALSE) -> VK00 1X 軽量 | AC96: =VLOOKUP($C96,[1]量産!$C$4:$N$15550,6,FALSE) -> 【I3JBY65】VK00 1X 700幅 FRAME ASM 一生-2向け新規出図 | AD96: =VLOOKUP($C96,[1]量産!$C$4:$N$15550,7,FALSE) -> PA1-3068 | AE96: =VLOOKUP($C96,[1]量産!$C$4:$N$15550,8,FALSE) -> D | AF96: =VLOOKUP($C96,[1]量産!$C$4:$N$15550,9,FALSE) -> DAU | AG96: =VLOOKUP($C96,[1]量産!$C$4:$N$15550,10,FALSE) -> ○ | AH96: =VLOOKUP($C96,[1]量産!$C$4:$N$15550,11,FALSE) -> - | AI96: =VLOOKUP($C96,[1]量産!$C$4:$N$15550,12,FALSE) -> - | AL96: =C96 -> 8972799510 | AM96: =B96 -> 115 | AN96: =E96 -> VK00 SOP済 | AP96: 7552165602 | AQ96: =VLOOKUP(AP96,AL96:AM842,2,FALSE) -> #N/A | AR96: =VLOOKUP(AP96,AL96:AN842,3,FALSE) -> #N/A | BK96: =VLOOKUP(C:C,[2]Sheet2!$A:$A,1,FALSE) -> #N/A
A97: 81 | B97: 115 | C97: 8977940243 | D97: VK00 NMR | E97: VK00 SOP済 | F97: 1 | G97: FAA | I97: 62 | J97: 26 | K97: 36 | L97: 22 | M97: 10 | N97: 1 | O97: 2 | P97: 8 | Q97: 3 | R97: 17 | S97: 30 | T97: 37 | U97: 29 | V97: 283 | W97: FRAME ASM | X97: VK00 | Y97: =VLOOKUP($C97,[1]量産!$C$4:$N$15550,2,FALSE) -> I4JKG04 | Z97: =VLOOKUP($C97,[1]量産!$C$4:$N$15550,3,FALSE) -> 0 | AA97: =VLOOKUP($C97,[1]量産!$C$4:$N$15550,4,FALSE) -> VK00NMR | AB97: =VLOOKUP($C97,[1]量産!$C$4:$N$15550,5,FALSE) -> VK00 2X 軽量 | AC97: =VLOOKUP($C97,[1]量産!$C$4:$N$15550,6,FALSE) -> 【I4JKG04】VK00 2X 一生-2、セラブル生試 700幅 FRAME ASM 、S/MBR 設変出図(サ変) | AD97: =VLOOKUP($C97,[1]量産!$C$4:$N$15550,7,FALSE) -> PA1-3050 | AE97: =VLOOKUP($C97,[1]量産!$C$4:$N$15550,8,FALSE) -> D | AF97: =VLOOKUP($C97,[1]量産!$C$4:$N$15550,9,FALSE) -> FAA | AG97: =VLOOKUP($C97,[1]量産!$C$4:$N$15550,10,FALSE) -> ○ | AH97: =VLOOKUP($C97,[1]量産!$C$4:$N$15550,11,FALSE) -> - | AI97: =VLOOKUP($C97,[1]量産!$C$4:$N$15550,12,FALSE) -> - | AL97: =C97 -> 8977940243 | AM97: =B97 -> 115 | AN97: =E97 -> VK00 SOP済 | AQ97: =VLOOKUP(AP97,AL97:AM935,2,FALSE) -> 0 | AR97: =VLOOKUP(AP97,AL97:AN935,3,FALSE) -> 0 | BK97: =VLOOKUP(C:C,[2]Sheet2!$A:$A,1,FALSE) -> #N/A
A98: 82 | B98: 115 | C98: 8977940262 | D98: VK00 NMR | E98: VK00 SOP済 | F98: 1 | G98: FAJ | I98: 7 | J98: 7 | K98: 6 | L98: 10 | M98: 1 | O98: 1 | P98: 5 | Q98: 4 | R98: 4 | T98: 1 | V98: 46 | W98: FRAME ASM | X98: VK00 | Y98: =VLOOKUP($C98,[1]量産!$C$4:$N$15550,2,FALSE) -> I4JKG04 | Z98: =VLOOKUP($C98,[1]量産!$C$4:$N$15550,3,FALSE) -> 0 | AA98: =VLOOKUP($C98,[1]量産!$C$4:$N$15550,4,FALSE) -> VK00NMR | AB98: =VLOOKUP($C98,[1]量産!$C$4:$N$15550,5,FALSE) -> VK00 2X 軽量 | AC98: =VLOOKUP($C98,[1]量産!$C$4:$N$15550,6,FALSE) -> 【I4JKG04】VK00 2X 一生-2、セラブル生試 700幅 FRAME ASM 、S/MBR 設変出図(サ変) | AD98: =VLOOKUP($C98,[1]量産!$C$4:$N$15550,7,FALSE) -> PA1-3087 | AE98: =VLOOKUP($C98,[1]量産!$C$4:$N$15550,8,FALSE) -> D | AF98: =VLOOKUP($C98,[1]量産!$C$4:$N$15550,9,FALSE) -> FAJ | AG98: =VLOOKUP($C98,[1]量産!$C$4:$N$15550,10,FALSE) -> ○ | AH98: =VLOOKUP($C98,[1]量産!$C$4:$N$15550,11,FALSE) -> - | AI98: =VLOOKUP($C98,[1]量産!$C$4:$N$15550,12,FALSE) -> - | AL98: =C98 -> 8977940262 | AM98: =B98 -> 115 | AN98: =E98 -> VK00 SOP済 | AQ98: =VLOOKUP(AP98,AL98:AM936,2,FALSE) -> 0 | AR98: =VLOOKUP(AP98,AL98:AN936,3,FALSE) -> 0 | BK98: =VLOOKUP(C:C,[2]Sheet2!$A:$A,1,FALSE) -> #N/A
A99: 90 | B99: 115 | C99: 8978362164 | D99: VK00 NKR | E99: VK00 SOP済 | F99: 1 | G99: DAT | I99: 12 | J99: 2 | K99: 4 | L99: 7 | M99: 10 | N99: 5 | O99: 3 | P99: 7 | Q99: 9 | R99: 5 | S99: 6 | T99: 9 | U99: 6 | V99: 85 | W99: FRAME ASM | X99: VK00 | Y99: =VLOOKUP($C99,[1]量産!$C$4:$N$15550,2,FALSE) -> I4JKB95 | Z99: =VLOOKUP($C99,[1]量産!$C$4:$N$15550,3,FALSE) -> 0 | AA99: =VLOOKUP($C99,[1]量産!$C$4:$N$15550,4,FALSE) -> VK00 NKR | AB99: =VLOOKUP($C99,[1]量産!$C$4:$N$15550,5,FALSE) -> VK00 1X 軽量 | AC99: =VLOOKUP($C99,[1]量産!$C$4:$N$15550,6,FALSE) -> 【I4JKB95】VK00 1X 700幅 FRAME ASM 一生-2向け設変出図(AAS-LD-10091,10092,9668,9932恒久設変) | AD99: =VLOOKUP($C99,[1]量産!$C$4:$N$15550,7,FALSE) -> PA1-3068 | AE99: =VLOOKUP($C99,[1]量産!$C$4:$N$15550,8,FALSE) -> D | AF99: =VLOOKUP($C99,[1]量産!$C$4:$N$15550,9,FALSE) -> DAT | AG99: =VLOOKUP($C99,[1]量産!$C$4:$N$15550,10,FALSE) -> ○ | AH99: =VLOOKUP($C99,[1]量産!$C$4:$N$15550,11,FALSE) -> - | AI99: =VLOOKUP($C99,[1]量産!$C$4:$N$15550,12,FALSE) -> - | AL99: =C99 -> 8978362164 | AM99: =B99 -> 115 | AN99: =E99 -> VK00 SOP済 | AQ99: =VLOOKUP(AP99,AL99:AM937,2,FALSE) -> 0 | AR99: =VLOOKUP(AP99,AL99:AN937,3,FALSE) -> 0 | BK99: =VLOOKUP(C:C,[2]Sheet2!$A:$A,1,FALSE) -> #N/A
A100: 60 | B100: 115 | C100: 8972799551 | D100: VK00 NKR | E100: VK00 軽量サ変 | F100: 1 | G100: 2DFA | I100: 13 | J100: 14 | K100: 11 | L100: 23 | M100: 8 | N100: 8 | O100: 6 | P100: 6 | Q100: 6 | R100: 5 | S100: 6 | T100: 7 | U100: 4 | V100: 117 | W100: FRAME ASM | X100: VK00 | Y100: =VLOOKUP($C100,[1]量産!$C$4:$N$15550,2,FALSE) -> I4JKU91 | Z100: =VLOOKUP($C100,[1]量産!$C$4:$N$15550,3,FALSE) -> 45093 | AA100: =VLOOKUP($C100,[1]量産!$C$4:$N$15550,4,FALSE) -> VK00 NKR | AB100: =VLOOKUP($C100,[1]量産!$C$4:$N$15550,5,FALSE) -> VK00 1X軽量 | AC100: =VLOOKUP($C100,[1]量産!$C$4:$N$15550,6,FALSE) -> 【I4JKU91】VK00 700幅FRAME 設変出図(サ変：3JCE66 GUSSET亀裂対策反映に伴う) | AD100: =VLOOKUP($C100,[1]量産!$C$4:$N$15550,7,FALSE) -> 未 | AE100: =VLOOKUP($C100,[1]量産!$C$4:$N$15550,8,FALSE) -> D | AF100: =VLOOKUP($C100,[1]量産!$C$4:$N$15550,9,FALSE) -> 2DFA | AG100: =VLOOKUP($C100,[1]量産!$C$4:$N$15550,10,FALSE) -> ○ | AH100: =VLOOKUP($C100,[1]量産!$C$4:$N$15550,11,FALSE) -> - | AI100: =VLOOKUP($C100,[1]量産!$C$4:$N$15550,12,FALSE) -> - | AL100: =C100 -> 8972799551 | AM100: =B100 -> 115 | AN100: =E100 -> VK00 軽量サ変 | AQ100: =VLOOKUP(AP100,AL100:AM938,2,FALSE) -> 0 | AR100: =VLOOKUP(AP100,AL100:AN938,3,FALSE) -> 0 | BK100: =VLOOKUP(C:C,[2]Sheet2!$A:$A,1,FALSE) -> #N/A
...

Sheet 設変
V1: 藤沢工場 生産管理課
B2: 小型FRAME Weekly MTG | V2: 承認 | W2: 審査 | X2: 作成 | AA2: ○ | AB2: ：参加
V3: 井上 | X3: 石澤 | AA3: ― | AB3: ：不参加
C5: 【出席者】
D6: 技術課 | K6: 品管課 | M6: 組一課 | P6: 自動車営業部 | S6: 設計部 | U6: 調達 | V6: プレス | W6: 生管課
D7: 松本課長 | E7: 笹主任 | F7: 櫻井担当 | G7: 長田担当 | H7: 高橋担当 | I7: イー担当 | J7: 宮澤担当 | K7: 大木担当 | L7: 川口担当 | M7: 前田次長 | N7: 川上課長 | O7: 綿引担当 | P7: 吉永課長 | Q7: 斉木主任 | R7: 岡担当 | S7: 郡上主任 | T7: 瀧澤担当 | U7: 木村担当 | V7: 福島主任 | W7: 長友主任 | X7: 中村担当 | Y7: 三浦担当 | Z7: 伊藤担当 | AA7: 寺田
C8: 設変 | D8: ― | E8: ○ | F8: ○ | G8: ○ | H8: ○ | I8: ○ | J8: ○ | K8: ○ | L8: ― | M8: ― | N8: ― | O8: ― | P8: ― | Q8: ― | R8: ○ | S8: ○ | T8: ― | U8: ― | V8: ○ | W8: ○ | X8: ― | Y8: ○ | Z8: ○ | AA8: ○
C9: 量産 | D9: ― | E9: ○ | F9: ○ | G9: ― | H9: ○ | I9: ○ | J9: ○ | K9: ○ | L9: ― | M9: ― | N9: ○ | O9: ○ | P9: ― | Q9: ― | R9: ― | S9: ― | T9: ― | U9: ― | V9: ○ | W9: ― | X9: ― | Y9: ○ | Z9: ○ | AA9: ○
C12: 先週受領の設変
B22: SPACER単品出図
B23: フルエア 850幅
B35: 酸洗材化

Sheet 25-38-D
A1: No. | B1: ライン | C1: 納入品番1 | D1: 納入品名称 | E1: 基本車型 | F1: 車型名称 | G1: イベント | H1: 荷姿 | I1: 刻印 | J1: 初品区分 | K1: 初品納入日 | L1: 初日台数 | M1: 0910 | N1: 0911 | O1: 0912 | P1: 0913 | Q1: 0915 | R1: 0916 | S1: 0917 | T1: 0918 | U1: 0919 | V1: 総計
A2: 3 | B2: A | C2: 7552701721 | D2: FRAME ASM | E2: VK05 | F2: VK05 NMR | G2: I4K6545VK05 A,B,C-GR 1生向け設変出図 | H2: 1 | J2: 初 | K2: 45911 | L2: 2 | N2: 2 | V2: 2
A3: 4 | B3: A | C3: 7552701731 | D3: FRAME ASM | E3: VK05 | F3: VK05 NMR | G3: I4K6545VK05 A,B,C-GR 1生向け設変出図 | H3: 1 | J3: 初 | K3: 45912 | L3: 1 | N3: 1 | V3: 1
A4: 8 | B4: C | C4: 7552770110 | D4: FRAME ASM | E4: VK05 | F4: VK05 NPR | G4: VK05 A/B-GR K研向け新規出図 | H4: 1 | I4: HME | J4: 初 | K4: 45914 | L4: 1 | N4: 1 | V4: 1
A5: 9 | B5: C | C5: 7552942680 | D5: FRAME ASM | E5: VK05 | F5: VK05 NPR | G5: VK05 A/B-GR K研向け新規出図 | H5: 1 | I5: HFA | J5: 初 | K5: 45915 | L5: 1 | N5: 1 | V5: 1
A6: 10 | B6: C | C6: 7552942690 | D6: FRAME ASM | E6: VK05 | F6: VK05 NPR | G6: VK05 A/B-GR K研向け新規出図 | H6: 1 | I6: HFB | J6: 初 | K6: 45916 | L6: 3 | N6: 3 | V6: 3
A7: 11 | B7: C | C7: 7552942750 | D7: FRAME ASM | E7: VK05 | F7: VK05 NPR | G7: VK05 A/B-GR K研向け新規出図 | H7: 1 | I7: HFC | J7: 初 | K7: 45917 | L7: 1 | N7: 1 | V7: 1
A8: 12 | B8: C | C8: 7552942950 | D8: FRAME ASM | E8: VK05 | F8: VK05 NPR | G8: VK05 A/B-GR K研向け新規出図 | H8: 1 | I8: HKG | J8: 初 | K8: 45918 | L8: 1 | N8: 1 | V8: 1
A9: 7 | B9: C | C9: 7552418211 | D9: FRAME ASM | E9: VK00 | F9: VK00 NP* | G9: VK00 3X 850幅 B1-GR FRAME ASM 設変出図(内容：FRAME ASM内容品最新化,S/M ASM LH 溶接NUT及びSTIFF SUB SPG BRKT追加,RIVET削除,REINF LH 溶接NUT追加) | H9: 1 | I9: HMB | J9: 初 | K9: 45913 | L9: 1 | N9: 1 | V9: 1
A10: 16 | B10: C | C10: 7552418121 | D10: FRAME ASM | E10: VK00 | F10: VK00 NP* | G10: VK00 3X 850幅 B1-GR FRAME ASM 設変出図(内容：FRAME ASM内容品最新化,S/M ASM LH 溶接NUT及びSTIFF SUB SPG BRKT追加,RIVET削除,REINF LH 溶接NUT追加) | H10: 3 | I10: HKH | J10: 初 | K10: 45919 | L10: 6 | N10: 6 | V10: 6
A11: 5 | B11: A | C11: 8978845054 | D11: FRAME ASM | E11: VK04 | F11: VK04 NMS | G11: VK04 A2-GR 1生向け設変出図 | H11: 1 | I11: PHA | J11: 初 | K11: 45913 | L11: 1 | P11: 1 | V11: 1
A12: 14 | B12: C | C12: 8977917770 | D12: FRAME ASM | E12: VL32 | F12: VL32 NPR | G12: VL32 D2-GR 850幅 FRAME ASM SOP 新規出図 | H12: 1 | I12: UFL | J12: 初 | K12: 45918 | L12: 1 | T12: 1 | U12: 1 | V12: 2
A13: 6 | B13: A | C13: 8983922641 | D13: FRAME ASM | E13: VL01 | F13: VL01 NMR | G13: 久しぶり | H13: 1 | I13: KDL | J13: 久 | K13: 45913 | L13: 2 | P13: 2 | Q13: 1 | R13: 1 | S13: 2 | V13: 6
B14: A | C14: 7551885412 | D14: FRAME ASM | E14: VK00 | F14: VK00 NPR | G14: 久しぶり | H14: 1 | I14: 1RS2 | J14: 久 | K14: 45913 | L14: 1 | P14: 1 | V14: 1
A15: 13 | B15: C | C15: 8975246721 | D15: FRAME ASM | E15: VL01 | F15: VL01 NPR | G15: 久しぶり | H15: 1 | I15: 1UF4 | J15: 久 | K15: 45918 | L15: 3 | T15: 3 | U15: 3 | V15: 6
A16: 2 | B16: A | C16: 7552078350 | D16: FRAME ASM | E16: VL35 | F16: VL35 NKS | G16: 久しぶり | H16: 1 | I16: NJH | J16: 久 | K16: 45918 | L16: 1 | T16: 1 | V16: 1
A17: 15 | B17: C | C17: 8983991350 | D17: FRAME ASM | E17: NPR | F17: NPR | G17: 久しぶり | H17: 1 | I17: WMG | J17: 久 | K17: 45919 | L17: 2 | U17: 2 | V17: 2
A18: 17 | B18: C | C18: 7552434120 | D18: FRAME ASM | E18: VL37 | F18: VL37 NPR | G18: 久しぶり | H18: 3 | I18: YKD | J18: 久 | K18: 45912 | L18: 12 | O18: 12 | Q18: 18 | R18: 18 | S18: 24 | T18: 12 | V18: 84
A19: 18 | B19: C | C19: 7552434130 | D19: FRAME ASM | E19: VL37 | F19: VL37 NPR | G19: 久しぶり | H19: 3 | I19: YSF | J19: 久 | K19: 912 | L19: 6 | O19: 6 | Q19: 6 | R19: 6 | S19: 6 | T19: 12 | V19: 36
A20: 19 | B20: C | C20: 7552434150 | D20: FRAME ASM | E20: VL37 | F20: VL37 NPR | G20: 久しぶり | H20: 3 | I20: YSG | J20: 久 | K20: 912 | L20: 6 | O20: 6 | Q20: 6 | V20: 12
A21: 22 | B21: C | C21: 7552434180 | D21: FRAME ASM | E21: VL37 | F21: VL37 NQR | G21: 久しぶり | H21: 3 | I21: YSD | J21: 久 | K21: 912 | L21: 18 | O21: 18 | Q21: 6 | R21: 6 | S21: 6 | T21: 12 | V21: 48
A22: 24 | B22: C | C22: 7552434200 | D22: FRAME ASM | E22: VL37 | F22: VL37 NQR | G22: 久しぶり | H22: 3 | I22: YSE | J22: 久 | K22: 912 | L22: 6 | O22: 6 | T22: 6 | V22: 12
A23: 20 | B23: C | C23: 7552434160 | D23: FRAME ASM | E23: VL37 | F23: VL37 NQR | G23: 久しぶり | H23: 3 | I23: YE7 | J23: 久 | K23: 915 | L23: 6 | Q23: 6 | V23: 6
A24: 21 | B24: C | C24: 7552434170 | D24: FRAME ASM | E24: VL37 | F24: VL37 NQR | G24: 久しぶり | H24: 3 | I24: YKF | J24: 久 | K24: 916 | L24: 6 | R24: 6 | S24: 6 | V24: 12
A25: 23 | B25: C | C25: 7552434190 | D25: FRAME ASM | E25: VL37 | F25: VL37 NQR | G25: 久しぶり | H25: 3 | I25: YKG | J25: 久 | K25: 916 | L25: 6 | R25: 6 | V25: 6

Sheet 25-37-D
A1: No. | B1: ライン | C1: 納入品番1 | D1: 納入品名称 | E1: 基本車型 | F1: 車型名称 | G1: イベント | H1: 荷姿 | I1: 刻印 | J1: 初品区分 | K1: 初品納入日 | L1: 初日台数 | M1: 0901 | N1: 0903 | O1: 0904 | P1: 0905 | Q1: 0906 | R1: 0908 | S1: 0909 | T1: 0910 | U1: 0911 | V1: 0912 | W1: 0913 | X1: 総計
A2: 1 | B2: A | C2: 7552127032 | D2: FRAME ASM | E2: VK00 | F2: VK00 NPR | G2: I4K4885VK00 B2-GR 750幅 | H2: 1 | J2: 初 | K2: 45906 | L2: 2 | Q2: 2 | X2: 2
A3: 2 | B3: A | C3: 7552078330 | D3: FRAME ASM | E3: VL35 | F3: VL35 NKS | G3: I3JCB85VL35 700幅FRAME ASM | H3: 1 | I3: NJE | J3: 初 | K3: 45909 | L3: 2 | S3: 2 | T3: 1 | V3: 1 | X3: 4
A4: 3 | B4: A | C4: 8972760034 | D4: FRAME ASM | E4: VK04 | F4: VK04 NKS | G4: VK04 A1-GR 1生向け設変出図 | H4: 1 | I4: MC3 | J4: 初 | K4: 45909 | L4: 2 | S4: 2 | T4: 2 | X4: 4
A5: 4 | B5: A | C5: 8977943094 | D5: FRAME ASM | E5: VK04 | F5: VK04 NKR | G5: 新規作成 FRAME ASM VK04 NKR 8977943115_44_3094 | H5: 1 | J5: 初 | K5: 45909 | L5: 1 | S5: 1 | X5: 1
A6: 5 | B6: A | C6: 8977943473 | D6: FRAME ASM | E6: VK04 | F6: VK04 NMS | G6: VK04 A1-GR 1生向け設変出図 | H6: 1 | J6: 初 | K6: 45909 | L6: 1 | S6: 1 | X6: 1
A7: 6 | B7: A | C7: 8978767523 | D7: FRAME ASM | E7: VK04 | F7: VK04 NMS | G7: VK04 A1-GR 1生向け設変出図 | H7: 1 | J7: 初 | K7: 45909 | L7: 1 | S7: 1 | X7: 1
A8: 7 | B8: A | C8: 8972760044 | D8: FRAME ASM | E8: VK04 | F8: VK04 NKS | G8: VK04 A1-GR 1生向け設変出図 | H8: 1 | I8: MC4 | J8: 初 | K8: 45910 | L8: 7 | T8: 7 | U8: 7 | V8: 7 | X8: 21
A9: 8 | B9: A | C9: 8978767342 | D9: FRAME ASM | E9: VK00 | F9: VK00 NKR | G9: VK00 1X RIGID 一生向けFRAME ASM 設変出図I4JKG68 | H9: 1 | J9: 初 | K9: 45910 | L9: 1 | T9: 1 | X9: 1
A10: 9 | B10: A | C10: 8978767254 | D10: FRAME ASM | E10: VK04 | F10: VK04 NKR | G10: VK04 A1-GR 1生向け設変出図 | H10: 1 | J10: 初 | K10: 45911 | L10: 3 | U10: 3 | X10: 3
A11: 10 | B11: A | C11: 8978767385 | D11: FRAME ASM | E11: VK04 | F11: VK04 NKR | G11: VK04 A1-GR 1生向け設変出図 | H11: 1 | J11: 初 | K11: 45912 | L11: 2 | V11: 2 | X11: 2
A12: 11 | B12: A | C12: 7552127093 | D12: FRAME ASM | E12: VK00 | F12: VK00 NPR | G12: 久しぶり | H12: 1 | I12: RH1 | J12: 久 | K12: 45906 | L12: 6 | Q12: 6 | R12: 3 | S12: 7 | T12: 7 | U12: 6 | V12: 6 | X12: 35
A13: 12 | B13: A | C13: 8983922641 | D13: FRAME ASM | E13: VL01 | F13: VL01 NMR | G13: 久しぶり | H13: 1 | I13: KDL | J13: 久 | K13: 906 | L13: 1 | Q13: 1 | T13: 1 | X13: 2
A14: 13 | B14: C | C14: 8975587571 | D14: FRAME ASM | E14: VL20 | F14: VL20 NPR | G14: 久しぶり | H14: 1 | I14: 1W1C | J14: 久 | K14: 906 | L14: 2 | Q14: 2 | S14: 1 | T14: 1 | U14: 1 | V14: 1 | X14: 6
A15: 14 | B15: C | C15: 7552434190 | D15: FRAME ASM | E15: VL37 | F15: VL37 NQR | G15: 久しぶり | H15: 3 | I15: YKG | J15: 久 | K15: 908 | L15: 6 | R15: 6 | X15: 6
A16: 15 | B16: A | C16: 8983922630 | D16: FRAME ASM | E16: VL01 | F16: VL01 NMR | G16: 久しぶり | H16: 1 | I16: KDU | J16: 久 | K16: 909 | L16: 1 | S16: 1 | T16: 1 | X16: 2
A17: 16 | B17: C | C17: 8983152572 | D17: FRAME ASM | E17: VN97 | F17: VN97 NPS | G17: 久しぶり | H17: 3 | I17: UK1 | J17: 久 | K17: 909 | L17: 6 | S17: 6 | X17: 6
A18: 17 | B18: C | C18: 8978844520 | D18: FRAME ASM | E18: VL01 | F18: VL01 NPS | G18: 久しぶり | H18: 1 | I18: UFJ | J18: 久 | K18: 910 | L18: 1 | T18: 1 | U18: 1 | X18: 2
A19: 18 | B19: A | C19: 7552078870 | D19: FRAME ASM | E19: VL35 | F19: VL35 NPS | G19: 久しぶり | H19: 1 | I19: TEU | J19: 久 | K19: 911 | L19: 1 | U19: 1 | X19: 1
A20: 19 | B20: C | C20: 8983906740 | D20: FRAME ASM | E20: VL01 | F20: VL01 NPR | G20: 久しぶり | H20: 1 | I20: WGF | J20: 久 | K20: 911 | L20: 4 | U20: 4 | V20: 5 | X20: 9
A21: 20 | B21: A | C21: 7551885402 | D21: FRAME ASM | E21: VK00 | F21: VK00 NPR | G21: 久しぶり | H21: 1 | I21: 1RS1 | J21: 久 | K21: 912 | L21: 1 | V21: 1 | X21: 1
A22: 21 | B22: A | C22: 8974948780 | D22: FRAME ASM | E22: VL01 | F22: VL01 NMR | G22: 久しぶり | H22: 1 | I22: LLN | J22: 久 | K22: 912 | L22: 1 | V22: 1 | X22: 1
A23: 27 | B23: C | C23: 7552434200 | D23: FRAME ASM | E23: VL37 | F23: VL37 NQR | G23: 久しぶり | H23: 3 | I23: YSE | J23: 久 | K23: 911 | L23: 12 | U23: 12 | X23: 12
A24: 23 | B24: C | C24: 7552434160 | D24: FRAME ASM | E24: VL37 | F24: VL37 NQR | G24: 久しぶり | H24: 3 | I24: YE7 | J24: 久 | K24: 910 | L24: 6 | T24: 6 | U24: 6 | X24: 12
A25: 25 | B25: C | C25: 7552434180 | D25: FRAME ASM | E25: VL37 | F25: VL37 NQR | G25: 久しぶり | H25: 3 | I25: YSD | J25: 久 | K25: 908 | L25: 6 | R25: 6 | S25: 6 | T25: 6 | U25: 6 | X25: 24
A26: 20 | B26: C | C26: 7552434120 | D26: FRAME ASM | E26: VL37 | F26: VL37 NPR | G26: 久しぶり | H26: 3 | I26: YKD | J26: 久 | K26: 905 | L26: 18 | P26: 18 | R26: 18 | S26: 12 | T26: 12 | U26: 18 | X26: 78
A27: 21 | B27: C | C27: 7552434130 | D27: FRAME ASM | E27: VL37 | F27: VL37 NPR | G27: 久しぶり | H27: 3 | I27: YSF | J27: 久 | K27: 905 | L27: 12 | P27: 12 | R27: 12 | S27: 6 | T27: 6 | X27: 36
A28: 22 | B28: C | C28: 7552434150 | D28: FRAME ASM | E28: VL37 | F28: VL37 NPR | G28: 久しぶり | H28: 3 | I28: YSG | J28: 久 | K28: 905 | L28: 6 | P28: 6 | R28: 6 | T28: 6 | X28: 18
A29: 24 | B29: C | C29: 7552434170 | D29: FRAME ASM | E29: VL37 | F29: VL37 NQR | G29: 久しぶり | H29: 3 | I29: YKF | J29: 久 | K29: 905 | L29: 6 | P29: 6 | R29: 6 | S29: 12 | T29: 6 | X29: 30

Sheet 25-36-D
A1: No. | B1: ライン | C1: 納入品番1 | D1: 納入品名称 | E1: 基本車型 | F1: 車型名称 | G1: イベント | H1: 荷姿 | I1: 刻印 | J1: 初品区分 | K1: 初品納入日 | L1: 初日台数 | M1: 0826 | N1: 0828 | O1: 0829 | P1: 0830 | Q1: 0901 | R1: 0902 | S1: 0903 | T1: 0904 | U1: 0905 | V1: 0906 | W1: 総計
A2: 1 | B2: 115 | C2: 7552702910 | D2: FRAME ASM | E2: VK05 | F2: VK05 | G2: I4K5796VK04 A2-GR 1生向け設変出図 | H2: 1 | I2: DBT | J2: 初 | K2: 45897 | L2: 7 | N2: 7 | W2: 7
A3: 2 | B3: 115 | C3: 7552702950 | D3: FRAME ASM | E3: VK05 | F3: VK05 | G3: VK04 A2-GR 1生向け設変出図 | H3: 1 | I3: FBC | J3: 初 | K3: 45897 | L3: 2 | N3: 2 | W3: 2
A4: 3 | B4: 115 | C4: 7552702980 | D4: FRAME ASM | E4: NMR | F4: VK00 NMR | G4: I4K6308VK02 A-GR 1生向け設変出図 | H4: 1 | I4: DBV | J4: 初 | K4: 45897 | L4: 2 | N4: 2 | W4: 2
A5: 4 | B5: 115 | C5: 7552703020 | D5: FRAME ASM | E5: NMR | F5: NMR | G5: VK04 A2-GR SOP向け設変出図 | H5: 1 | I5: FBD | J5: 初 | K5: 45897 | L5: 1 | N5: 1 | W5: 1
A6: 5 | B6: 115 | C6: 7552715040 | D6: FRAME ASM | E6: NMR | F6: NMR | G6: VK04 A2-GR SOP向け設変出図 | H6: 1 | I6: FBE | J6: 初 | K6: 45897 | L6: 1 | N6: 1 | W6: 1
A7: 6 | B7: 115 | C7: 7552715090 | D7: FRAME ASM | E7: NMR | F7: NMR | G7: VK04 A2-GR SOP向け設変出図 | H7: 1 | I7: DBZ | J7: 初 | K7: 45897 | L7: 2 | N7: 2 | W7: 2
A8: 7 | B8: 115 | C8: 7552715100 | D8: FRAME ASM | E8: NMR | F8: NMR | G8: VK04 A2-GR SOP向け設変出図 | H8: 1 | I8: DCA | J8: 初 | K8: 45897 | L8: 2 | N8: 2 | W8: 2
A9: 8 | B9: C | C9: 7552770121 | D9: FRAME ASM | E9: VK05 | F9: VK05 NP* | G9: VK05 C-GR 1生向け 設変出図 | H9: 1 | I9: UA2 | J9: 初 | K9: 45898 | L9: 1 | O9: 1 | W9: 1
A10: 9 | B10: A | C10: 7551946451 | D10: FRAME ASM | E10: VK00 | F10: VK00 NMR | G10: I3K4234VK00 B1-GR | H10: 1 | J10: 初 | K10: 45899 | L10: 1 | P10: 1 | W10: 1
A11: 10 | B11: A | C11: 7552127212 | D11: FRAME ASM | E11: VK00 | F11: VK00 NPR | G11: VK00 B2-GR 750幅 FRAME ASM 設変出図 | H11: 1 | J11: 初 | K11: 45899 | L11: 1 | P11: 1 | R11: 2 | S11: 1 | W11: 4
A12: 11 | B12: A | C12: 7552378410 | D12: FRAME ASM | E12: VK00 | F12: VK00 NMR | G12: I3K4234VK00 B1-GR 一生向け FRAME ASM 新規出図 | H12: 1 | J12: 初 | K12: 45899 | L12: 1 | P12: 1 | W12: 1
A13: 12 | B13: A | C13: 8972760044 | D13: FRAME ASM | E13: VK04 | F13: VK04 NKS | G13: VK04 A1-GR 1生向け設変出図 | H13: 1 | J13: 初 | K13: 45899 | L13: 3 | P13: 3 | S13: 3 | T13: 2 | U13: 2 | W13: 10
A14: 13 | C14: 7552078330 | D14: FRAME ASM | E14: VL35 | F14: VL35 NKS | G14: VL35 700幅FRAME ASM 新規出図(初回イベント:’23/7月 一生) | H14: 1 | J14: 初 | K14: 45902 | L14: 1 | R14: 1 | W14: 1
A15: 14 | B15: A | C15: 8972760034 | D15: FRAME ASM | E15: VK04 | F15: VK04 NKS | G15: VK04 A1-GR 1生向け設変出図 | H15: 1 | J15: 初 | K15: 45902 | L15: 1 | R15: 1 | W15: 1
A16: 15 | B16: A | C16: 7552378260 | D16: FRAME ASM | E16: VK00 | F16: VK00 NMR | G16: I3K4234VK00 B1-GR | H16: 1 | J16: 初 | K16: 45905 | L16: 1 | U16: 1 | W16: 1
A17: 16 | B17: A | C17: 7551885552 | D17: FRAME ASM | E17: VK00 | F17: VK00 NPR | G17: 久しぶり | H17: 1 | I17: SFY | J17: 久 | K17: 45899 | L17: 1 | P17: 1 | W17: 1
A18: 17 | B18: A | C18: 7552127093 | D18: FRAME ASM | E18: VK00 | F18: VK00 NPR | G18: 久しぶり | H18: 1 | I18: RH1 | J18: 久 | K18: 45899 | L18: 11 | P18: 11 | Q18: 1 | R18: 8 | S18: 9 | U18: 8 | W18: 37
A19: 18 | B19: C | C19: 8975587571 | D19: FRAME ASM | E19: VL20 | F19: VL20 NPR | G19: 久しぶり | H19: 1 | I19: 1W1C | J19: 久 | K19: 45899 | L19: 1 | P19: 1 | Q19: 1 | R19: 2 | S19: 1 | T19: 1 | U19: 1 | W19: 7
A20: 19 | B20: C | C20: 8976840280 | D20: FRAME ASM | E20: VL24 | F20: VL24 NPR | G20: 久しぶり | H20: 1 | I20: WFD | J20: 久 | K20: 45899 | L20: 1 | P20: 1 | W20: 1
A21: 20 | B21: C | C21: 8982261483 | D21: FRAME ASM | E21: VL08 | F21: VL08 NPR | G21: 久しぶり | H21: 1 | I21: 2WNX | J21: 久 | K21: 45899 | L21: 1 | P21: 1 | W21: 1
A22: 21 | B22: C | C22: 8984857931 | D22: FRAME ASM | E22: VL01 | F22: VL01 NPR | G22: 久しぶり | H22: 1 | I22: W1U | J22: 久 | K22: 45899 | L22: 1 | P22: 1 | T22: 1 | U22: 1 | W22: 3
A23: 22 | B23: A | C23: 7551909340 | D23: FRAME ASM | E23: VK00 | F23: VK00 NKR | G23: 久しぶり | H23: 1 | I23: PW6 | J23: 久 | K23: 45901 | L23: 1 | Q23: 1 | W23: 1
A24: 23 | B24: A | C24: 8976762403 | D24: FRAME ASM | E24: VL27 | F24: VL27 NNR | G24: 久しぶり | H24: 1 | I24: 1RR6 | J24: 久 | K24: 45901 | L24: 1 | Q24: 1 | W24: 1
A25: 24 | B25: C | C25: 7552282602 | D25: FRAME ASM | E25: VK00 | F25: VK00 N** | G25: 久しぶり | H25: 1 | I25: HMA | J25: 久 | K25: 45902 | L25: 1 | R25: 1 | W25: 1
A26: 25 | B26: C | C26: 8982261553 | D26: FRAME ASM | E26: VN80 | F26: VN80 NPR | G26: 久しぶり | H26: 1 | I26: WV5 | J26: 久 | K26: 45902 | L26: 1 | R26: 1 | W26: 1
A27: 26 | B27: C | C27: 8983707530 | D27: FRAME ASM | E27: VL08 | F27: VL08 NPR | G27: 久しぶり | H27: 1 | I27: WTC | J27: 久 | K27: 45903 | L27: 1 | S27: 1 | W27: 1
A28: 27 | B28: C | C28: 8983906740 | D28: FRAME ASM | E28: VL01 | F28: VL01 NPR | G28: 久しぶり | H28: 1 | I28: WGF | J28: 久 | K28: 45903 | L28: 1 | S28: 1 | T28: 3 | U28: 3 | W28: 7
A29: 28 | B29: C | C29: 8983152572 | D29: FRAME ASM | E29: VN97 | F29: VN97 NPS | G29: 久しぶり | H29: 3 | I29: UK1 | J29: 久 | K29: 45903 | L29: 6 | S29: 6 | W29: 6
A30: 29 | B30: C | C30: 7552282562 | D30: FRAME ASM | E30: VK00 | F30: VK00 N** | G30: 久しぶり | H30: 1 | I30: HM9 | J30: 久 | K30: 45904 | L30: 1 | T30: 1 | W30: 1
A31: 30 | B31: C | C31: 8977917730 | D31: FRAME ASM | E31: VL20 | F31: VL20 NQR | G31: 久しぶり | H31: 1 | I31: WSU | J31: 久 | K31: 45904 | L31: 1 | T31: 1 | W31: 1
A32: 31 | B32: C | C32: 8983707131 | D32: FRAME ASM | E32: VL08 N | F32: VL08 NPR | G32: 久しぶり | H32: 1 | I32: WBA | J32: 久 | K32: 45904 | L32: 1 | T32: 1 | W32: 1
A33: 32 | B33: C | C33: 7552434150 | D33: FRAME ASM | E33: VL37 | F33: VL37 NPR | G33: 久しぶり | H33: 3 | I33: YSG | J33: 久 | K33: 45901 | L33: 6 | Q33: 6 | R33: 6 | S33: 12 | T33: 6 | W33: 30
A34: 33 | B34: C | C34: 7552434160 | D34: FRAME ASM | E34: VL37 | F34: VL37 NQR | G34: 久しぶり | H34: 3 | I34: YE7 | J34: 久 | K34: 45901 | L34: 12 | Q34: 12 | R34: 6 | W34: 18
A35: 34 | B35: C | C35: 7552434120 | D35: FRAME ASM | E35: VL37 | F35: VL37 NPR | G35: 久しぶり | H35: 3 | I35: YKD | J35: 久 | K35: 45898 | L35: 24 | O35: 24 | Q35: 12 | R35: 18 | S35: 12 | T35: 18 | W35: 84
A36: 35 | B36: C | C36: 7552434130 | D36: FRAME ASM | E36: VL37 | F36: VL37 NPR | G36: 久しぶり | H36: 3 | I36: YSF | J36: 久 | K36: 45898 | L36: 6 | O36: 6 | Q36: 6 | R36: 6 | S36: 6 | T36: 6 | W36: 30
A37: 36 | B37: C | C37: 7552434170 | D37: FRAME ASM | E37: VL37 | F37: VL37 NQR | G37: 久しぶり | H37: 3 | I37: YKF | J37: 久 | K37: 45898 | L37: 6 | O37: 6 | Q37: 6 | R37: 6 | S37: 6 | W37: 24
A38: 37 | B38: C | C38: 7552434180 | D38: FRAME ASM | E38: VL37 | F38: VL37 NQR | G38: 久しぶり | H38: 3 | I38: YSD | J38: 久 | K38: 45898 | L38: 6 | O38: 6 | Q38: 6 | R38: 6 | S38: 12 | W38: 30

Sheet 25-35-D
A1: No. | B1: ライン | C1: 納入品番1 | D1: 納入品名称 | E1: 基本車型 | F1: 車型名称 | G1: イベント | H1: 荷姿 | I1: 刻印 | J1: 初品区分 | K1: 初品納入日 | L1: 初日台数 | M1: 0808 | N1: 0821 | O1: 0822 | P1: 0823 | Q1: 0825 | R1: 0826 | S1: 0827 | T1: 0828 | U1: 0829 | V1: 総計
A2: 1 | B2: A | C2: 7552378260 | D2: FRAME ASM | E2: VK00 | F2: VK00 NMR | G2: I3K4234VK00 B1-GR 一生向け FRAME ASM 新規出図 | H2: 1 | J2: 初 | K2: 45892 | L2: 3 | P2: 3 | V2: 3
A3: 2 | B3: A | C3: 8977943144 | D3: FRAME ASM | E3: VK04 | F3: VK04 NKR | G3: VK04 A1-GR 1生向け設変出図 | H3: 1 | J3: 初 | K3: 45892 | L3: 2 | P3: 2 | V3: 2
A4: 3 | B4: C | C4: 7552412272 | D4: FRAME ASM | E4: VDS | F4: VDS NQR | G4: I4K6817VDSｺﾛﾝﾋﾞｱ向け FRAME ASM 量産設変 出図 | H4: 1 | I4: 1WYE | J4: 初 | K4: 45892 | L4: 3 | P4: 3 | Q4: 1 | R4: 3 | S4: 3 | T4: 3 | U4: 3 | V4: 16
A5: 4 | B5: A | C5: 7551946451 | D5: FRAME ASM | E5: VK00 | F5: VK00 NMR | G5: VK00 B1-GR 一生向け FRAME ASM 設変出図 | H5: 1 | J5: 初 | K5: 45894 | L5: 3 | Q5: 3 | V5: 3
A6: 5 | B6: A | C6: 7552127212 | D6: FRAME ASM | E6: VK00 | F6: VK00 NPR | G6: VK00 B2-GR 750幅 FRAME ASM 設変出図 | H6: 1 | J6: 初 | K6: 45895 | L6: 2 | R6: 2 | V6: 2
A7: 6 | B7: C | C7: 7552165792 | D7: FRAME ASM | E7: VK00 | F7: VK00 N** | G7: VK00 3X 850幅 B1-GR FRAME ASM 設変出図 | H7: 1 | I7: HL1 | J7: 初 | K7: 45895 | L7: 1 | R7: 1 | V7: 1
A8: 7 | C8: 7551909410 | D8: FRAME ASM | E8: VK00 | F8: VK00 NKR | G8: I3JBZ26VK00 1X RIGID 一生向けFRAME ASM 新規出図 | H8: 1 | J8: 初 | K8: 45898 | L8: 1 | U8: 1 | V8: 1
A9: 8 | B9: A | C9: 7551909030 | D9: FRAME ASM | E9: VK00 | F9: VK00 NKR | G9: 久しぶり | H9: 1 | I9: JB7 | J9: 久 | K9: 45892 | L9: 1 | P9: 1 | V9: 1
A10: 9 | B10: B | C10: 7551954872 | D10: FRAME ASM | E10: VL26 | F10: VL26 NPR | G10: 久しぶり | H10: 3 | I10: YM2 | J10: 久 | K10: 45892 | L10: 2 | P10: 2 | V10: 2
A11: 10 | B11: A | C11: 7551909382 | D11: FRAME ASM | E11: VK00 | F11: VK00 NKR | G11: 久しぶり | H11: 1 | I11: JC5 | J11: 久 | K11: 45894 | L11: 1 | Q11: 1 | V11: 1
A12: 11 | B12: A | C12: 7552078460 | D12: FRAME ASM | E12: VL35 | F12: VL35 NMS | G12: 久しぶり | H12: 1 | I12: PBM | J12: 久 | K12: 45894 | L12: 1 | Q12: 1 | V12: 1
A13: 12 | B13: 115 | C13: 8978362063 | D13: FRAME ASM | E13: VK00 | F13: VK00 NKR | G13: 久しぶり | H13: 1 | I13: 1DAC | J13: 久 | K13: 45896 | L13: 1 | S13: 1 | V13: 1
A14: 13 | B14: A | C14: 8976682130 | D14: FRAME ASM | E14: VL24 | F14: VL24 NPR | G14: 久しぶり | H14: 1 | I14: RIH | J14: 久 | K14: 45896 | L14: 1 | S14: 1 | T14: 1 | U14: 2 | V14: 4
A15: 14 | B15: A | C15: 8978767114 | D15: FRAME ASM | E15: VK00 | F15: VK00 NKR | G15: 久しぶり | H15: 1 | I15: JA8 | J15: 久 | K15: 45896 | L15: 1 | S15: 1 | V15: 1
A16: 15 | B16: C | C16: 8972416603 | D16: FRAME ASM | E16: VK00 | F16: VK00 NPR | G16: 久しぶり | H16: 1 | I16: ZLE | J16: 久 | K16: 45896 | L16: 1 | S16: 1 | V16: 1
A17: 16 | B17: C | C17: 8983826061 | D17: FRAME ASM | E17: VL08 | F17: VL08 NPR | G17: 久しぶり | H17: 3 | I17: WMT | J17: 久 | K17: 45896 | L17: 6 | S17: 6 | V17: 6
A18: 17 | B18: A | C18: 7551909131 | D18: FRAME ASM | E18: VK00 | F18: VK00 NKR | G18: 久しぶり | H18: 1 | I18: AA4 | J18: 久 | K18: 45898 | L18: 1 | U18: 1 | V18: 1
A19: 18 | B19: C | C19: 7552434120 | D19: FRAME ASM | E19: VL37 | F19: VL37 NPR | G19: 久しぶり | H19: 3 | I19: YKD | J19: 久 | K19: 45892 | L19: 12 | P19: 12 | Q19: 18 | R19: 18 | S19: 18 | T19: 30 | V19: 96
A20: 19 | B20: C | C20: 7552434130 | D20: FRAME ASM | E20: VL37 | F20: VL37 NPR | G20: 久しぶり | H20: 3 | I20: YSF | J20: 久 | K20: 45894 | L20: 18 | Q20: 18 | R20: 18 | S20: 18 | T20: 6 | V20: 60
A21: 20 | B21: C | C21: 7552434150 | D21: FRAME ASM | E21: VL37 | F21: VL37 NPR | G21: 久しぶり | H21: 3 | I21: YSG | J21: 久 | K21: 45894 | L21: 12 | Q21: 12 | S21: 12 | T21: 6 | V21: 30
A22: 21 | B22: C | C22: 7552434200 | D22: FRAME ASM | E22: VL37 | F22: VL37 NQR | G22: 久しぶり | H22: 3 | I22: YSE | J22: 久 | K22: 45895 | L22: 6 | R22: 6 | V22: 6

Sheet Monthly 日程0806
S1: ■PPC | X1: ■PPC | AB1: ■PPC | AF1: ■PPC | AJ1: ■PPC | AO1: ■PPC | AS1: ■PPC | AW1: ■PPC | BA1: ■PPC
Q2: 期末 | W2: ☆MC会議 | AA2: ☆MC会議 | AE2: ☆MC会議 | AI2: ☆MC会議 | AL2: 艤装再編SOP | AN2: ☆MC会議 | AQ2: 期末 | AR2: ☆MC会議 | AV2: ☆MC会議 | AZ2: ☆MC会議 | BE2: ■MC会議 | BJ2: ■MC会議 | BN2: ■MC会議 | BR2: ■10/4MC会議 | BV2: ■MC会議 | CA2: ■MC会議 | CF2: ■MC会議 | CJ2: ■MC会議
E4: 2022 | BE4: 2023 | CE4: 2024 | EF4: 2025 | GF4: 2026 | IF4: 2027
E5: 1 | J5: =#REF! -> #REF! | N5: =#REF! -> #REF! | R5: =#REF! -> #REF! | V5: =#REF! -> #REF! | AA5: =#REF! -> #REF! | AE5: =#REF! -> #REF! | AI5: =#REF! -> #REF! | AN5: =#REF! -> #REF! | AR5: =#REF! -> #REF! | AW5: =#REF! -> #REF! | BA5: =#REF! -> #REF! | BE5: 7月 | BJ5: 8月 | BN5: 9月 | BR5: 10月 | BW5: 11月 | CA5: 12月 | CE5: 1月 | CJ5: 2月 | CN5: 3月 | CR5: 4月 | CW5: 5月 | DA5: 6月 | DE5: 7月 | DJ5: 8月 | DN5: 9月 | DS5: 10月 | DW5: 11月 | EA5: 12月 | EF5: １月 | EJ5: 2月 | EN5: 3月 | ES5: 4月 | EW5: ５月 | FA5: 6月 | FF5: 7月 | FJ5: 8月 | FN5: 9月 | FS5: 10月 | FW5: 11月 | GA5: 12月 | GF5: １月 | GJ5: 2月 | GN5: 3月 | GS5: 4月 | GW5: ５月 | HA5: 6月 | HF5: 7月 | HJ5: 8月 | HN5: 9月 | HS5: 10月 | HW5: 11月 | IA5: 12月 | IF5: １月 | IJ5: 2月 | IN5: 3月 | IS5: 4月 | IW5: ５月 | JA5: 6月 | JF5: 7月 | JJ5: 8月 | JN5: 9月 | JS5: 10月 | JW5: 11月 | KA5: 12月
C8: B1-Gr | D8: 2X(SUP)
C9: 欧州/ﾄﾙｺ
C10: 欧州法規対応 | D10: 2X(SKD)
C13: （ＧＳＲ）
D15: 3X(SUP)
D19: 3X(SKD)
B20: VK00 | DP20: 4H | DQ20: 4J
B21: EXP
D23: CKD
C24: B2-Gr
C25: 豪州/NZ/香港
C27: ｼﾝｶﾞ/韓国/ｳｸﾗｲﾅ
C28: B3-Gr
C29: 豪州/NZ | D29: 3X
C32: （8.0t超AEBS） | D32: SUP
C33: C-Gr | D33: 2X/3X | CA33: ２台
C34: ﾒｷｼｺ | D34: SUP | EB34: SOP(4H)
C35: 旧ｴﾚｷ
D36: 3X(SKD)
C38: E2-Gr(4JZ1) | D38: SUP
C39: 欧州/ﾄﾙｺ(R137)
D40: SKD
C42: E2-Gr(RZ4E)
C43: 欧州/ﾄﾙｺ(R137) | D43: 2X(SUP)
C45: UK/香港/ｼﾝｶﾞ | D45: 2X(SKD) | CF45: 7 | CG45: 6 | CH45: 5 | CI45: 4 | CJ45: 3 | CK45: 2 | CL45: 1 | CM45: □EPD
C46: （Ｒ137対象外）
C47: F-Gr
C48: RZ4E EUROⅥ | D48: SUP
C49: 欧州 | D49: SKD
CF50: 7 | CG50: 6 | CH50: 5 | CI50: 4 | CJ50: 3 | CK50: 2 | CL50: 1 | CM50: □EPD
B53: VK04 | C53: A1-Gr
C54: 4JZ1 4x4(低床)
C55: RZ4E 4x4(ｼｬｼ認証）
C62: A2-Gr
C63: 4JZ1 4x2
C71: ※A2-Grは↑4x2と
C72: ↓4x4高型に日程を分けてます
C75: 4JZ1 高型NPS
C79: B-Gr
C80: RZ4E(ベンチ認証)
C81: 4x4(低床)
C86: C-Gr
C87: HEV
... C99: VK02
B100: VK02 | C100: B-Gr
C101: 南ア | D101: SKD
C104: VK02 | D104: 完成車
C105: A-Gr | D105: CKD
C106: (UAE,サウジアラビア,バーレーン,クェート,オマーン,カタール) | D106: SKD
C109: VK02
C110: C1/C2-Gr
C111: コロンビア/チリ/ペルー/モロッコ/GCC(ADAS)
C114: VK02 | D114: 完成車
C115: D-Gr
C117: ケニア/コスタリカ/フィリピン/ベトナム/一般仕向け
C119: VK02 | D119: KD
C120: D-Gr
C122: ケニア/ベトナム
C124: VK02 | D124: 完成車
C125: E-Gr
C127: エクアドル/アルゼンチン/アルジェリア/パキスタン/エジプト/ウズベキスタン
C129: VK02 | D129: KD
C130: E-Gr
C132: パキスタン/ウズベキスタン/エジプト
C134: VK02 | D134: 完成車
C135: F-Gr
C136: CNG Eng搭載車
C138: トリニダード・トバゴ
C139: VK02 | D139: KD
C140: F-Gr
C141: CNG Eng搭載車
C143: ｳｽﾞﾍﾞｷｽﾀﾝ・南ア・ｴｼﾞﾌﾟﾄ
C145: VK06 | D145: SKD
B146: VK06 | C146: US
B150: VK05
C151: A-Gr | D151: 完成車 | GK151: SKD | GQ151: 完成車
C152: 欧州 | D152: KD
C153: RZ4E | EW153: RHD
C158: B-Gr | D158: 完成車 | GK158: SKD | GQ158: 完成車
C159: 欧州/ﾄﾙｺ/UK/ｲｽﾗｴﾙ | D159: KD
D164: 完成車
C165: C-Gr
C166: 豪州/NZ
C167: 4X4
C174: D-Gr | D174: 完成車
C175: 欧州/ﾄﾙｺ/UK | D175: KD
C181: E-Gr | D181: 完成車
C182: 東アジア | D182: KD
C188: F-Gr | D188: 完成車
D189: KD
C195: G-Gr | D195: 完成車
D196: KD
C202: H-Gr | D202: 完成車
D203: KD

Sheet SIDE
A1: LIST | B1: 36W
A2: 7551801760 | B2: 7551821000 | C2: =COUNTIF(A:A,B2) -> 1
A3: 7551801770 | B3: 7551821010 | C3: =COUNTIF(A:A,B3) -> 1
A4: 7551821020 | B4: 7551821020 | C4: =COUNTIF(A:A,B4) -> 1
A5: 7551879310 | B5: 7551821040 | C5: =COUNTIF(A:A,B5) -> 1
A6: 7551821000 | B6: 7551879300 | C6: =COUNTIF(A:A,B6) -> 1
A7: 7551821040 | B7: 7551879310 | C7: =COUNTIF(A:A,B7) -> 1
A8: 8981416600 | B8: 7552002611 | C8: =COUNTIF(A:A,B8) -> 1
A9: 8981416610 | B9: 7552002670 | C9: =COUNTIF(A:A,B9) -> 1
A10: 8982573770 | B10: 7552002681 | C10: =COUNTIF(A:A,B10) -> 1
A11: 8982573790 | B11: 7552027540 | C11: =COUNTIF(A:A,B11) -> 1
A12: 8982573781 | B12: 8975151502 | C12: =COUNTIF(A:A,B12) -> 1
A13: 8982417370 | B13: 8975151522 | C13: =COUNTIF(A:A,B13) -> 1
... A87: 8975511360 | B87: 8981581070 | C87: =COUNTIF(A:A,B87) -> 1
A88: 8975511370
A89: 8975588200
A90: 8975588210
A91: 8983695610
A92: 8983695620
A93: 8976567160
A94: 8976567170
A95: 8976567180
A96: 8976567190
A97: 8981416580
A98: 8981416590
A99: 8981141360
... A293: 7552002611

Sheet AAS
